what,333
we,320
this,307
was,287
me,274
but,270
are,270
your,266
its,255
im,245
captain,245
no,218
know,199
all,199
dont,193
about,192
if,188
my,183
him,180
can,169
there,161
like,160
youre,158
will,156
his,155
worf,147
they,146
just,143
were,140
how,139
so,138
an,130
been,130
very,129
mother,128
would,127
something,123
think,122
here,122
why,120
them,119
yes,118
her,114
time,111
now,109
when,107
data,106
she,100
right,100
did,99
could,97
some,97
one,96
our,96
geordi,95
has,94
well,94
sir,93
want,92
feel,90
us,89
see,89
hes,89
more,87
going,82
way,81
thats,77
out,77
tell,75
get,74
sure,72
nonspeaking,70
ive,69
might,68
or,68
help,66
computer,66
who,66
go,65
may,64
cant,63
sense,63
should,61
happened,61
come,60
their,60
ship,60
talk,59
only,58
maybe,58
had,58
good,57
take,57
commander,56
anything,56
understand,56
much,55
up,55
make,55
people,54
any,54
youve,53
never,53
must,53
theres,52
id,52
then,52
didnt,51
say,50
believe,50
two,48
over,48
other,47
back,47
nothing,46
need,46
find,45
than,45
remember,45
doing,45
voice,44
still,44
ill,44
life,43
little,43
nd,42
father,42
even,42
really,41
where,41
please,41
great,41
felt,41
ensign,41
am,40
whats,40
thought,40
too,39
enterprise,38
picard,38
mean,37
perhaps,37
mind,37
said,37
before,37
things,37
first,37
man,37
into,36
wrong,36
years,36
lieutenant,34
wesley,34
wont,34
being,34
down,34
course,34
yourself,34
isnt,34
someone,34
long,33
last,33
away,33
theyre,33
part,32
wanted,32
feelings,32
because,32
let,31
through,31
real,30
troi,30
feeling,30
doctor,30
both,30
again,30
look,30
stop,30
human,29
thank,29
does,29
own,29
counselor,29
else,29
supernumeraries,28
shes,28
emotions,28
trying,27
alexander,27
wil,27
give,27
better,27
another,27
same,26
thing,26
able,26
weve,26
those,26
seem,26
kind,26
almost,26
many,26
beverly,26
fine,26
these,25
most,25
doesnt,25
seems,25
ask,24
ever,24
new,24
left,24
pain,24
quarters,23
three,23
leave,23
each,23
knew,23
youd,23
after,23
try,23
friends,23
sorry,23
hello,23
quite,23
which,23
put,22
mister,22
crew,22
klingon,22
love,22
sometimes,22
unusual,21
holodeck,21
room,21
bridge,21
alone,21
experience,21
security,21
also,20
deal,20
talking,20
important,20
true,20
lot,20
done,20
angry,20
clara,20
hard,19
riker,19
difficult,19
saw,19
thinking,19
got,19
night,19
best,19
few,19
work,19
obrien,19
moment,19
exactly,18
planet,18
possible,18
reason,18
cannot,18
dream,18
lets,18
happen,18
officer,18
betazoid,18
afraid,18
looking,18
sensing,17
while,17
actually,17
always,17
wasnt,17
wait,17
ships,17
everything,17
different,17
place,17
arent,17
needs,17
guinan,17
jeremy,17
every,16
transporter,16
certain,16
presence,16
yet,16
several,16
federation,16
sensed,16
chance,16
enough,16
coming,16
forward,16
ago,16
next,16
wonderful,16
oh,16
whatever,16
together,16
idea,16
came,16
call,16
person,16
used,16
woman,16
under,16
lost,16
meet,16
become,16
isabella,16
alive,15
children,15
gone,15
happy,15
ready,15
having,15
point,15
means,15
read,15
eyes,15
control,15
wants,15
youll,15
without,15
child,15
trust,15
nurse,15
heard,14
fear,14
wish,14
board,14
myself,14
couldnt,14
such,14
five,14
made,14
normal,14
went,14
asked,14
telepathic,14
told,14
romulan,14
feels,13
telling,13
order,13
keep,13
hope,13
learn,13
concerned,13
called,13
havent,13
getting,13
home,13
though,13
contact,13
certainly,13
strong,13
starfleet,13
interesting,13
care,13
mothers,13
everyone,13
seeing,13
power,13
words,13
suggest,13
question,13
parents,12
tasha,12
alien,12
aboard,12
start,12
others,12
accept,12
chocolate,12
happening,12
boy,12
listen,12
fact,12
wouldnt,12
found,12
until,12
death,12
day,12
four,12
command,12
glad,12
memory,12
mission,12
less,12
reg,12
emotional,12
chief,11
deanna,11
along,11
spend,11
officers,11
hear,11
use,11
times,11
close,11
anger,11
somehow,11
allow,11
past,11
empathic,11
around,11
end,11
off,11
strange,11
hold,11
earth,11
medical,11
okay,11
days,11
behind,10
truth,10
live,10
suddenly,10
sounds,10
correct,10
necessary,10
rather,10
stay,10
situation,10
word,10
late,10
seen,10
probably,10
since,10
trouble,10
seemed,10
answer,10
beam,10
doubt,10
betazed,10
nacelle,10
lose,10
young,10
himself,10
ways,10
once,10
rest,10
later,10
bad,10
died,10
known,10
inside,10
risk,10
danger,10
anyone,10
today,10
ian,10
romulans,10
members,10
ambassador,10
timothy,10
lal,9
entire,9
parent,9
half,9
longer,9
force,9
open,9
accident,9
second,9
sickbay,9
explain,9
ten,9
orders,9
honor,9
saying,9
supposed,9
taking,9
system,9
show,9
career,9
hurt,9
old,9
appointment,9
sort,9
whos,9
step,9
deck,9
morning,9
sound,9
friend,9
months,9
dead,9
lives,9
set,9
meant,9
soon,9
curious,9
agree,9
class,9
loss,9
war,9
aaron,9
watch,9
tam,9
table,9
world,8
ourselves,8
energy,8
guards,8
crewmembers,8
far,8
program,8
music,8
describe,8
aware,8
least,8
changed,8
itself,8
various,8
draw,8
minds,8
side,8
humans,8
beautiful,8
name,8
office,8
tried,8
shouldnt,8
problem,8
during,8
personnel,8
clearly,8
imagine,8
hell,8
thoughts,8
maques,8
hedril,8
none,8
making,8
responsible,8
cause,8
starship,8
excuse,8
personality,8
frightened,8
process,8
barclay,8
between,8
save,8
god,8
message,8
tal,8
shiar,8
worried,7
decision,7
die,7
bring,7
visit,7
prepared,7
possibility,7
hours,7
crusher,7
whether,7
sit,7
wife,7
loved,7
girl,7
killed,7
common,7
instance,7
role,7
worry,7
theyve,7
deception,7
intense,7
whole,7
often,7
touch,7
toward,7
vessel,7
born,7
dark,7
personal,7
upset,7
job,7
involved,7
engineering,7
ability,7
already,7
working,7
face,7
waiting,7
taken,7
space,7
stress,7
lead,7
admit,7
clear,7
calling,7
kept,7
position,7
attractive,7
information,7
living,7
knows,7
shuttle,7
simply,7
empath,7
alright,7
plan,7
thousand,7
terrified,7
family,7
join,7
hand,7
son,7
started,7
com,7
given,7
fantasy,7
play,6
change,6
jeanluc,6
separate,6
men,6
search,6
duty,6
seven,6
moon,6
looked,6
minutes,6
proceed,6
relationship,6
game,6
easy,6
pleasure,6
hot,6
return,6
hit,6
city,6
figure,6
ferengi,6
matter,6
avoid,6
terrible,6
joy,6
case,6
dreams,6
safe,6
six,6
fathers,6
recently,6
abilities,6
suppose,6
experienced,6
hair,6
familiar,6
suggests,6
holding,6
access,6
took,6
service,6
created,6
honest,6
established,6
admiral,6
outside,6
physical,6
believes,6
hiding,6
wonder,6
track,6
learned,6
john,6
telepathically,6
protect,6
evidence,6
hurting,6
move,6
bonding,6
especially,6
trip,6
eventually,6
except,6
lutan,6
simple,6
easily,6
reports,6
realize,6
speak,6
injured,6
field,6
harm,6
hundred,6
reach,6
thanks,6
species,6
leader,6
sent,6
story,6
walk,6
impossible,6
emotion,6
datas,6
nice,6
cosmic,6
perfectly,6
ral,6
sleep,6
themselves,5
asking,5
consciousness,5
male,5
women,5
survivors,5
female,5
mistress,5
beata,5
brought,5
wishes,5
immediately,5
freighter,5
using,5
business,5
calm,5
full,5
yours,5
somethings,5
reception,5
confused,5
takes,5
aye,5
welcome,5
stayed,5
proud,5
door,5
married,5
quantum,5
talked,5
klingons,5
imagination,5
continue,5
images,5
acting,5
instinct,5
source,5
promise,5
overwhelming,5
records,5
shock,5
highly,5
lovely,5
station,5
powerful,5
cold,5
frightening,5
further,5
beyond,5
consider,5
careful,5
satisfaction,5
definitely,5
met,5
natural,5
patients,5
neural,5
becomes,5
fault,5
fair,5
weeks,5
tube,5
helpful,5
kwans,5
looks,5
behavior,5
fire,5
head,5
kwan,5
shell,5
thousands,5
served,5
itll,5
completely,5
record,5
plasma,5
hadnt,5
negotiate,5
gives,5
break,5
share,5
stopped,5
communicate,5
metaconscious,5
psyche,5
trauma,5
provide,5
forgive,5
run,5
cancel,5
decide,5
bit,5
balance,5
healthy,5
wedding,5
absolutely,5
imzadi,5
high,5
dangerous,5
image,5
kill,5
sector,5
similar,5
bed,5
choice,5
keiko,5
ro,5
arm,5
instant,5
essex,5
discuss,5
lower,5
trapped,5
escape,5
questions,5
carry,5
hearing,5
strength,5
comes,5
usually,5
tired,5
academy,5
entity,5
destroy,5
serious,5
earned,5
condition,5
send,5
choose,5
ogawa,5
la,5
forge,5
tomorrow,5
lying,5
borg,5
patient,5
level,5
future,5
perfect,5
roga,5
says,5
quickly,5
council,5
incident,5
expect,5
cream,5
opportunity,5
handle,5
hide,5
captains,5
beginning,5
helping,5
week,5
powers,5
available,5
attack,5
pretty,5
health,5
personalities,5
intelligence,4
experiment,4
single,4
individual,4
respect,4
mine,4
specific,4
object,4
plans,4
responding,4
unexpected,4
appear,4
stage,4
thinks,4
decks,4
gave,4
birthday,4
party,4
relax,4
whatevers,4
reality,4
engineer,4
follow,4
playing,4
goes,4
cardassians,4
confidence,4
busy,4
panic,4
lifeform,4
mysterious,4
incredibly,4
either,4
language,4
became,4
ahead,4
q,4
primary,4
concern,4
communication,4
emergency,4
engineers,4
nightmares,4
state,4
knowledge,4
hallucination,4
line,4
interest,4
psychological,4
cake,4
logs,4
hed,4
ones,4
stories,4
loud,4
year,4
hour,4
conduit,4
friendship,4
eight,4
pierce,4
present,4
bodies,4
favorite,4
school,4
convinced,4
attempt,4
body,4
memories,4
accurate,4
telepathy,4
cairn,4
among,4
apart,4
arboretum,4
mentioned,4
homn,4
journal,4
government,4
realized,4
decided,4
against,4
sides,4
within,4
nightmare,4
fully,4
including,4
limits,4
concert,4
surprised,4
react,4
code,4
anxious,4
rules,4
nature,4
destroyed,4
colonists,4
obviously,4
safety,4
action,4
occurred,4
starbase,4
twelve,4
effort,4
finally,4
scientific,4
seek,4
escaped,4
pass,4
intelligent,4
transfer,4
mirror,4
interested,4
identity,4
humanity,4
aliens,4
transporting,4
style,4
darmok,4
miss,4
isolated,4
culture,4
barely,4
technicians,4
leaving,4
prepare,4
acted,4
military,4
soldier,4
crime,4
fight,4
survive,4
recovery,4
vulcans,4
onto,4
problems,4
schedule,4
sign,4
shall,4
android,4
machine,4
string,4
theyll,4
hoping,4
stand,4
marriage,4
create,4
devinoni,4
response,4
tension,4
professor,4
technician,4
complete,4
animal,4
experiences,4
unique,4
betazoids,4
core,4
willing,4
rager,4
becoming,4
subcommander,4
nvek,4
test,4
projection,3
focus,3
tall,3
uss,3
permission,3
address,3
damaged,3
discovery,3
families,3
technology,3
ramsey,3
giving,3
incredible,3
played,3
air,3
considered,3
understood,3
causing,3
normally,3
occurs,3
private,3
indicate,3
mention,3
report,3
couldve,3
assume,3
guess,3
brick,3
protecting,3
represent,3
programs,3
previous,3
uncertain,3
fighting,3
bill,3
profile,3
forcefield,3
form,3
advanced,3
forms,3
despair,3
opening,3
reading,3
prime,3
directive,3
allies,3
communicated,3
agreement,3
saved,3
avoiding,3
missing,3
surely,3
diplomatic,3
unconscious,3
brain,3
waking,3
symbol,3
rational,3
basis,3
shut,3
evaluations,3
positive,3
calloway,3
mood,3
overwhelmed,3
tea,3
advantage,3
floor,3
utopia,3
planitia,3
staring,3
recall,3
console,3
panel,3
pull,3
seconds,3
struck,3
third,3
agreed,3
overbearing,3
begin,3
karnas,3
terrorists,3
ambition,3
mrs,3
unless,3
recommend,3
attention,3
entirely,3
besides,3
stranger,3
increase,3
temperature,3
degrees,3
adjust,3
embarrassed,3
value,3
honesty,3
fell,3
enjoy,3
heaven,3
keeping,3
lights,3
helped,3
finding,3
goodbye,3
fits,3
shed,3
contacted,3
kestra,3
tragedy,3
worst,3
sweet,3
moments,3
strain,3
repress,3
forever,3
poker,3
potemkin,3
standing,3
conscious,3
knowing,3
voices,3
worse,3
hesitate,3
encountered,3
genetic,3
warn,3
inappropriate,3
bear,3
werent,3
society,3
view,3
history,3
mainly,3
sexual,3
ligon,3
lutans,3
establish,3
according,3
achieve,3
request,3
defeat,3
points,3
liked,3
random,3
intensity,3
planets,3
remarkable,3
tells,3
attracted,3
carried,3
release,3
wounded,3
introduce,3
ghosts,3
absorbed,3
surface,3
remains,3
truly,3
exact,3
protection,3
star,3
thoughtful,3
helps,3
disturbing,3
alkar,3
support,3
fail,3
needed,3
negative,3
failed,3
attempted,3
assure,3
slow,3
convince,3
innocent,3
dealings,3
jeremiah,3
returned,3
connection,3
whom,3
explore,3
travel,3
light,3
brave,3
hostile,3
tests,3
females,3
weak,3
picture,3
letting,3
community,3
signals,3
crazy,3
anxiety,3
nervous,3
endorphins,3
anybody,3
bet,3
artificial,3
damage,3
remembering,3
respond,3
discovered,3
research,3
nurses,3
scared,3
intentions,3
cultures,3
police,3
handsome,3
flush,3
straight,3
comfortable,3
team,3
relaxed,3
hurry,3
passed,3
sadness,3
sensitive,3
treaty,3
extremely,3
sheliak,3
universe,3
talks,3
impact,3
hasnt,3
genuine,3
perceive,3
conor,3
chosen,3
colony,3
vacation,3
approve,3
intend,3
walked,3
vulcan,3
base,3
duality,3
deeply,3
angosian,3
violent,3
prison,3
mans,3
violence,3
ordered,3
result,3
member,3
peace,3
suffer,3
guard,3
vague,3
early,3
unlike,3
affect,3
ice,3
jev,3
responsibility,3
womans,3
teacher,3
afternoon,3
tremendous,3
particularly,3
dealing,3
cat,3
running,3
daimon,3
tog,3
clay,3
growing,3
reaction,3
solution,3
excellent,3
meeting,3
returning,3
conference,3
hatred,3
threatened,3
fascination,3
coincidence,3
moving,3
science,3
tour,3
wheres,3
appreciate,3
engine,3
section,3
hostility,3
treat,3
premier,3
companion,3
uh,3
manipulate,3
uncomfortable,3
responses,3
suggestion,3
brilliant,3
nds,3
age,3
chose,3
desire,3
rituals,3
element,3
extraordinary,3
develop,3
understands,3
throughout,3
humanoids,3
imaginary,3
meantime,3
rozhenko,3
wondering,3
amanda,3
terminal,3
beings,3
midlife,3
phase,3
visitors,3
blank,3
reveal,3
offer,3
juarez,3
grow,3
sensor,3
exist,3
eat,3
spent,3
seminar,3
cargo,3
toreth,3
opinion,3
authority,3
shields,3
bird,3
hows,3
kate,3
graves,3
congratulations,2
promotion,2
voiceover,2
curiosity,2
closest,2
prefer,2
roles,2
native,2
frequencies,2
freighters,2
issue,2
marooned,2
abandoned,2
focused,2
excitement,2
anticipation,2
rescued,2
refuse,2
terribly,2
execute,2
ocean,2
sky,2
nearly,2
building,2
senior,2
concerns,2
illness,2
earlier,2
development,2
hang,2
color,2
painting,2
minute,2
tense,2
falling,2
surprise,2
hate,2
gunslinger,2
characters,2
keystone,2
clue,2
foundation,2
interfering,2
puzzle,2
imagery,2
logic,2
aspects,2
represented,2
weapon,2
vertiform,2
spot,2
inhabited,2
arrogance,2
residual,2
confusion,2
released,2
pushed,2
secretive,2
levels,2
murder,2
obsessive,2
shows,2
green,2
illusion,2
groppler,2
described,2
loneliness,2
avoided,2
painful,2
entered,2
bandi,2
violate,2
enormous,2
directed,2
zorn,2
valid,2
pair,2
creatures,2
grief,2
filled,2
gratitude,2
blame,2
recover,2
jason,2
somewhat,2
lately,2
check,2
works,2
express,2
sigmund,2
freud,2
technological,2
cigar,2
knife,2
clarity,2
cuts,2
beginnings,2
neurosis,2
eliminated,2
technical,2
complex,2
prospect,2
counseling,2
thirtysix,2
posted,2
reported,2
altercation,2
ending,2
entry,2
planning,2
nara,2
partially,2
notice,2
performance,2
rage,2
trake,2
echo,2
grandfather,2
spoke,2
quick,2
relevant,2
whove,2
someones,2
inhibitor,2
arrive,2
authorization,2
afterwards,2
activated,2
stream,2
subspace,2
imprinted,2
pattern,2
elements,2
childrens,2
interpret,2
wellbeing,2
judge,2
useless,2
suggesting,2
arms,2
weapons,2
demanded,2
harder,2
teams,2
changes,2
stake,2
double,2
chasing,2
designed,2
ensure,2
lunch,2
noticed,2
environmental,2
relative,2
humidity,2
percent,2
original,2
twentynine,2
water,2
transformed,2
pleased,2
short,2
nothings,2
hidden,2
round,2
sudden,2
clothes,2
wearing,2
verbally,2
rose,2
milton,2
uses,2
rhyme,2
yesterday,2
jumble,2
calls,2
misunderstood,2
mechanism,2
psychic,2
suffered,2
faces,2
recognize,2
events,2
daddy,2
sang,2
sad,2
fragile,2
review,2
entries,2
answers,2
parts,2
killing,2
someday,2
considering,2
alyssa,2
chair,2
confident,2
dimension,2
across,2
remorse,2
represents,2
capable,2
determine,2
turned,2
immense,2
intent,2
performing,2
gifts,2
distance,2
loveliness,2
customs,2
dance,2
expected,2
neither,2
valet,2
accustomed,2
trait,2
hoped,2
temper,2
manage,2
obligations,2
joke,2
lie,2
apology,2
males,2
yar,2
strongly,2
self,2
function,2
delay,2
requires,2
basic,2
vaccine,2
practical,2
reasons,2
considerable,2
transmissions,2
low,2
frustration,2
eulogy,2
envious,2
ronin,2
warned,2
daughter,2
underground,2
storm,2
circumstances,2
picards,2
forced,2
centuries,2
torture,2
electromagnetic,2
currents,2
excessive,2
broke,2
coordinates,2
separated,2
risks,2
foolish,2
ghost,2
storms,2
approach,2
hundreds,2
skills,2
encounter,2
frightens,2
reward,2
fudge,2
courage,2
company,2
complicated,2
bothered,2
example,2
transport,2
pressure,2
interrupting,2
liva,2
reversed,2
dizzy,2
invaded,2
unacceptable,2
effect,2
lifeforms,2
worthy,2
general,2
jake,2
build,2
origins,2
purpose,2
jono,2
gain,2
mirasta,2
scientists,2
monitor,2
humor,2
capital,2
crewmember,2
secret,2
molecule,2
stimulate,2
rush,2
agitated,2
temporarily,2
chess,2
intuition,2
specifically,2
belong,2
visiting,2
began,2
raise,2
tamarian,2
creature,2
race,2
picking,2
assuming,2
ritual,2
term,2
universal,2
translator,2
reference,2
conflict,2
signal,2
recovering,2
older,2
gained,2
stabilize,2
infection,2
dreaming,2
warmth,2
intensify,2
rikers,2
produce,2
types,2
lifeforce,2
theory,2
growth,2
smooth,2
matters,2
theirs,2
irrational,2
interfere,2
consequences,2
deeper,2
losing,2
speaking,2
punishment,2
fluctuations,2
acknowledge,2
names,2
related,2
relationships,2
dna,2
patterns,2
seriously,2
student,2
book,2
nevertheless,2
reasonable,2
suggestions,2
nursery,2
fall,2
martin,2
interests,2
cloaked,2
angosia,2
lunar,2
nonviolent,2
inherent,2
danar,2
commit,2
acts,2
answered,2
whenever,2
programming,2
enhanced,2
cost,2
environment,2
evening,2
attend,2
wes,2
sarek,2
symptoms,2
possess,2
offspring,2
lifetime,2
taste,2
spoon,2
middle,2
tarmin,2
ullians,2
individuals,2
serving,2
mustnt,2
brushing,2
awful,2
wondered,2
act,2
healing,2
jenna,2
ultimately,2
sum,2
chalice,2
rixx,2
marry,2
removed,2
meaning,2
fold,2
odd,2
managed,2
slept,2
news,2
zalkonians,2
risa,2
timothys,2
opposite,2
persona,2
stronger,2
drop,2
naturally,2
encourage,2
direction,2
touched,2
everyones,2
catch,2
mandel,2
saucer,2
cut,2
contract,2
duties,2
responsibilities,2
monsters,2
list,2
pardon,2
assumed,2
spite,2
disappeared,2
dressed,2
enemy,2
sheriff,2
durango,2
ancient,2
west,2
delicious,2
plays,2
shoot,2
particular,2
jdan,2
closed,2
whipped,2
delegate,2
deep,2
negotiations,2
drink,2
fun,2
jack,2
edge,2
goss,2
scene,2
sincere,2
prisoner,2
unwilling,2
evolution,2
alliance,2
archeology,2
assigned,2
structure,2
ruins,2
tagus,2
dislike,2
captured,2
victim,2
effects,2
treated,2
kidnapped,2
attacked,2
tomalak,2
twenty,2
apply,2
vulnerable,2
dies,2
provides,2
impressed,2
horses,2
reacted,2
badly,2
education,2
guide,2
adulthood,2
lean,2
facing,2
studied,2
psychology,2
ran,2
chandra,2
judgment,2
drawn,2
mistake,2
greatest,2
wise,2
pride,2
false,2
beside,2
ceremony,2
engage,2
sons,2
remain,2
odan,2
indulge,2
turn,2
starting,2
ceramics,2
partner,2
childhood,2
anywhere,2
eleven,2
sore,2
gul,2
dominant,2
henry,2
herself,2
mental,2
missed,2
dozens,2
terror,2
progress,2
withdraw,2
pure,2
former,2
scheduled,2
caution,2
drive,2
stubbs,2
practiced,2
tight,2
inhabitants,2
range,2
worshipped,2
husband,2
glinn,2
peaceful,2
worked,2
degree,2
caves,2
sat,2
shape,2
furniture,2
uneasy,2
suffering,2
otherwise,2
crying,2
pretending,2
prevent,2
denied,2
belief,2
disabled,2
janet,2
twodimensional,2
discover,2
strings,2
pulling,2
flame,2
burning,2
galaxy,2
weight,2
mintakans,2
cultural,2
palmer,2
mmmhmm,2
mmmmmm,2
baby,2
gotten,2
anymore,2
rem,2
frequency,2
circles,2
distress,2
assigning,2
phrase,2
collision,2
collided,2
empire,2
happiness,2
combination,2
money,2
shaken,2
memorial,2
deliver,2
codes,2
loquel,2
discussing,2
ktarian,2
kaleb,2
oneohtwo,2
mark,2
anyway,2
bringing,2
stasis,2
major,2
rakal,2
traitor,2
activate,2
cloaking,2
device,2
nets,2
draken,2
fit,2
remove,2
disruptor,2
switch,2
omega,2
encouragement,2
routed,2
repair,2
emptiness,2
pulse,2
confronted,2
passengers,2
emotionally,2
destruction,2
taris,2
piece,2
buried,2
archive,2
sun,2
korgano,2
hall,2
caused,2
breach,2
frame,2
obvious,2
sweetheart,2
distinct,2
riva,2
serve,2
developed,2
thomas,2
raymond,2
abandon,2
manheim,2
swim,2
jealousy,2
darker,2
atrean,1
practically,1
inseparable,1
fend,1
protective,1
separating,1
expressively,1
believed,1
devastating,1
rob,1
bajoran,1
foraiga,1
haskell,1
vast,1
eluded,1
satisfy,1
unimportant,1
laboratory,1
comparison,1
destroying,1
chances,1
disorder,1
holographic,1
unifying,1
secretaries,1
buddy,1
operator,1
hailing,1
neglected,1
oversight,1
small,1
token,1
goodwill,1
imply,1
brief,1
seeking,1
investigate,1
reunited,1
nor,1
perfume,1
urgent,1
elsewhere,1
determined,1
group,1
strolling,1
barefoot,1
beach,1
balalaika,1
breeze,1
washing,1
stars,1
rising,1
stimulating,1
concentrate,1
periods,1
identify,1
symbols,1
indication,1
temporal,1
displacement,1
introduced,1
secondguessing,1
debating,1
prior,1
spoken,1
selar,1
twentythree,1
contracted,1
tissues,1
reverting,1
anomaly,1
cardassian,1
translate,1
jolly,1
wished,1
shore,1
nicest,1
anyones,1
sohchim,1
stepmother,1
hung,1
whyd,1
lock,1
realities,1
shannara,1
yearsold,1
yearold,1
ericchristopher,1
promised,1
feed,1
dalvin,1
hissing,1
beetle,1
birthdays,1
meditate,1
stick,1
flappers,1
grey,1
flannel,1
suit,1
interact,1
clues,1
happens,1
laying,1
stopping,1
intends,1
themes,1
laid,1
paper,1
doll,1
fashioned,1
constructed,1
fanciful,1
metaphoric,1
daydream,1
literal,1
symbolically,1
navigational,1
genuinely,1
unaware,1
emergent,1
infant,1
ours,1
hekaras,1
fleming,1
kahless,1
malice,1
exhilaration,1
intoxicated,1
whatre,1
free,1
visionaries,1
alarm,1
escalating,1
deliberate,1
concealment,1
concealing,1
announcement,1
veiled,1
mandl,1
miraculous,1
malencon,1
useful,1
accused,1
terraformers,1
possessed,1
abstracted,1
visions,1
apologies,1
farpoint,1
collide,1
frozen,1
concur,1
wed,1
acknowledging,1
barbarian,1
location,1
sensors,1
passages,1
gropplers,1
unhappiness,1
stairs,1
actual,1
keeps,1
assign,1
planetary,1
lots,1
workmen,1
expression,1
positronic,1
brains,1
royal,1
road,1
wake,1
theories,1
examined,1
flawed,1
obsolete,1
archetypal,1
sharp,1
dull,1
bottom,1
developing,1
innerworkings,1
explanations,1
makes,1
net,1
complexities,1
excited,1
regular,1
weekly,1
session,1
reflect,1
explained,1
turnabout,1
snack,1
exceptionally,1
stable,1
napean,1
expecting,1
mess,1
relief,1
dan,1
superior,1
prone,1
swings,1
depression,1
napeans,1
inherited,1
investigating,1
coworkers,1
flood,1
sensations,1
indicates,1
welladjusted,1
optimistic,1
yridian,1
rarely,1
offworlders,1
fireplace,1
regrets,1
tool,1
crate,1
labeled,1
directly,1
elses,1
peculiar,1
reddish,1
hazy,1
detail,1
literally,1
limit,1
salvatore,1
transferred,1
ziff,1
mechanics,1
construction,1
possibly,1
involving,1
investigation,1
bluff,1
transmission,1
completed,1
mmm,1
acknowledged,1
suppress,1
built,1
shipyard,1
finns,1
finn,1
regret,1
jeopardize,1
trois,1
override,1
deltatwonine,1
affair,1
threw,1
residue,1
triggered,1
paralleled,1
jumped,1
hath,1
fury,1
scorned,1
activities,1
model,1
finalists,1
pick,1
honorable,1
mentions,1
arrogant,1
selfimportant,1
empty,1
crews,1
concentration,1
shift,1
abundance,1
1500,1
tone,1
mordan,1
negotiator,1
capacities,1
restored,1
hopeful,1
eager,1
forceful,1
attitude,1
cares,1
despite,1
undergoing,1
jameson,1
bars,1
elongated,1
s,1
insect,1
overpreparing,1
upgrade,1
diversion,1
installed,1
shield,1
ignored,1
facts,1
searched,1
computers,1
colder,1
minus,1
seventy,1
noninterference,1
everythings,1
nikolai,1
hungry,1
ongilin,1
caviar,1
salty,1
eating,1
dry,1
controls,1
properly,1
excused,1
ambient,1
centigrade,1
freezing,1
bath,1
celsius,1
ninety,1
glass,1
spider,1
disease,1
named,1
calender,1
justice,1
misled,1
arguing,1
erratic,1
subdued,1
neurotransimitter,1
setting,1
flowers,1
hue,1
thorn,1
poem,1
poetry,1
artform,1
speculating,1
roses,1
thorns,1
paracortex,1
lobe,1
filtering,1
centered,1
tolerate,1
collapsed,1
retreated,1
generated,1
toys,1
valley,1
lwaxana,1
sick,1
transmit,1
copy,1
vulnerability,1
depicts,1
wolf,1
summoning,1
defenses,1
belongings,1
pack,1
mad,1
checked,1
enquiries,1
starts,1
diligent,1
delete,1
elnar,1
sister,1
joyous,1
celebrate,1
mourn,1
carstairs,1
supervisory,1
tempt,1
hurts,1
lavelle,1
ingratiate,1
inexperienced,1
kmtar,1
invoked,1
yanora,1
kor,1
vote,1
brother,1
custody,1
scare,1
exposing,1
heritage,1
whod,1
wear,1
uniform,1
yridians,1
forthcoming,1
trap,1
desperately,1
disjointed,1
halfheard,1
chasm,1
witnessed,1
handling,1
timid,1
decisions,1
ridge,1
lowly,1
animals,1
tormented,1
amusement,1
presents,1
tradition,1
millers,1
adopted,1
traditions,1
carefully,1
rolled,1
arriving,1
eccentric,1
xelo,1
subject,1
believing,1
vows,1
apologize,1
annoying,1
practicing,1
psychologist,1
artist,1
desert,1
beloved,1
wyatts,1
miller,1
wyatt,1
ariana,1
amusing,1
amused,1
structured,1
exceedingly,1
weaken,1
attraction,1
physically,1
avarice,1
briefing,1
studies,1
abnormally,1
achievement,1
achieved,1
standards,1
riskiest,1
prize,1
recognition,1
daring,1
bold,1
preferable,1
led,1
custom,1
importance,1
thrill,1
plague,1
blood,1
odds,1
win,1
bargaining,1
pointed,1
volunteer,1
approval,1
perspective,1
yars,1
combat,1
entitled,1
stargazer,1
phantom,1
bok,1
boks,1
mechanical,1
vigo,1
troubled,1
puzzled,1
sets,1
intermixed,1
affects,1
delusion,1
reliving,1
explosion,1
conditions,1
dorvan,1
uninhabited,1
colonized,1
adjourn,1
indian,1
tribes,1
spanish,1
overlords,1
drove,1
mexico,1
grandmother,1
dreamt,1
caress,1
frankly,1
bound,1
chapters,1
hi,1
bev,1
mokbara,1
romantic,1
fool,1
grandmothers,1
lover,1
sensual,1
intimate,1
recent,1
defensive,1
claim,1
sela,1
cloned,1
wwhere,1
skin,1
tingling,1
wind,1
southern,1
polar,1
region,1
deactivate,1
secure,1
values,1
above,1
proposal,1
bryce,1
shumar,1
indeed,1
steven,1
mullen,1
morgan,1
kelly,1
spirits,1
caught,1
crashed,1
lightning,1
ripped,1
magnetic,1
ncc,1
oneseventhree,1
daedalus,1
uttan,1
narsu,1
trusting,1
demands,1
simpler,1
accede,1
injuries,1
crash,1
site,1
atmosphere,1
skeletal,1
proper,1
burial,1
openminded,1
cooperate,1
wreck,1
hostage,1
fade,1
quiet,1
insult,1
uxmal,1
drift,1
incapable,1
eluding,1
moons,1
condemned,1
prisoners,1
advise,1
watching,1
ruthless,1
demanding,1
disciplined,1
conform,1
selfdiscipline,1
patience,1
seronia,1
lumerians,1
serenity,1
calmness,1
tranquility,1
embody,1
qualities,1
thereve,1
instances,1
authorizes,1
alkars,1
pieces,1
brownie,1
wisdom,1
todays,1
calendar,1
overthink,1
complain,1
whine,1
coddled,1
deserve,1
pretend,1
secretly,1
flow,1
sticking,1
paxan,1
mcknight,1
unfocused,1
finenow,1
mask,1
regardless,1
stunfield,1
remained,1
existence,1
silence,1
immune,1
influence,1
disorientation,1
kopf,1
recess,1
prove,1
innocence,1
profits,1
fading,1
suggested,1
gloves,1
wrenching,1
rediscover,1
roots,1
shown,1
seldom,1
explanation,1
rehearsed,1
dodge,1
asteroid,1
parental,1
cringe,1
endurance,1
determination,1
excel,1
awakening,1
alarmed,1
appearance,1
generally,1
arrival,1
solar,1
broadcast,1
journalism,1
rivas,1
jakara,1
tourist,1
marta,1
faced,1
apprehensive,1
desensitize,1
type,1
gradual,1
relaxation,1
technique,1
plexing,1
method,1
nerve,1
cluster,1
carotid,1
artery,1
stimulates,1
releases,1
responded,1
exhausted,1
absence,1
relieving,1
gambits,1
ploys,1
compliments,1
owe,1
samarian,1
sunset,1
traditional,1
bartender,1
confirmation,1
headquarters,1
associated,1
unnerving,1
restless,1
everytime,1
closing,1
throat,1
impressive,1
uncovered,1
william,1
ode,1
keats,1
psychologically,1
civilians,1
techician,1
doctors,1
civilian,1
medics,1
stuff,1
refusing,1
worrying,1
reaches,1
safely,1
honored,1
alex,1
lefler,1
copilot,1
passenger,1
encounters,1
peaceable,1
challenge,1
contention,1
proposed,1
linguistic,1
databases,1
compiled,1
contacts,1
misspoken,1
shantil,1
cross,1
index,1
unfortunately,1
juliet,1
balcony,1
tamarians,1
hero,1
hunter,1
tanagra,1
island,1
details,1
understanding,1
rutians,1
plaza,1
rutian,1
ansata,1
pawns,1
evacuation,1
wound,1
severe,1
jacks,1
deuces,1
stands,1
seasoned,1
happier,1
entertaining,1
cheerful,1
impudence,1
stimulation,1
preventing,1
experiencing,1
commanders,1
passionate,1
attract,1
organisms,1
repel,1
areas,1
primal,1
survival,1
weaker,1
tighten,1
rates,1
zero,1
negotiated,1
seventytwo,1
legal,1
experts,1
formal,1
ritualistic,1
nonhumanoid,1
races,1
languages,1
continues,1
elude,1
communicates,1
stranded,1
teach,1
ssmarith,1
liquid,1
brown,1
conceptualize,1
relatively,1
500000,1
length,1
accommodate,1
complexity,1
misunderstandings,1
temporary,1
gleason,1
throwing,1
nation,1
nobody,1
doubts,1
nanites,1
locutus,1
turning,1
advocate,1
diplomacy,1
misc,1
jnaii,1
founded,1
twentyonesixtyone,1
twos,1
sixes,1
aces,1
wild,1
box,1
belonged,1
ancestors,1
stored,1
pictures,1
marked,1
soren,1
constantly,1
changing,1
genome,1
12yearold,1
pianist,1
reluctant,1
selectively,1
bred,1
preserve,1
disruptive,1
throw,1
untimely,1
fascinating,1
hotel,1
abandoning,1
fundamental,1
succeed,1
disarming,1
administrator,1
meters,1
desolation,1
simplistic,1
reengineer,1
maintain,1
discreet,1
allowing,1
introducing,1
halfbetazoid,1
halt,1
poor,1
judgement,1
unprofessionally,1
influences,1
hannah,1
stolen,1
reunification,1
successful,1
invasion,1
12,1
prisonersveterans,1
10,1
officials,1
orbiting,1
terrifies,1
mistreat,1
expert,1
crimes,1
typically,1
randomly,1
deliberately,1
inherantly,1
criminal,1
link,1
central,1
arrested,1
idealistic,1
peoples,1
joined,1
manipulation,1
biochemical,1
modifications,1
programmed,1
perceived,1
clicks,1
reflexes,1
conditioned,1
committed,1
soldiers,1
exiled,1
methods,1
treatment,1
partial,1
tech,1
assassins,1
clerk,1
adjusting,1
disgrace,1
provoke,1
undefined,1
include,1
bursts,1
mostly,1
unintentionally,1
projecting,1
celesia,1
ops,1
replace,1
replaced,1
crewmate,1
fashion,1
biology,1
argue,1
interrelate,1
socialization,1
apparent,1
walking,1
rim,1
gently,1
sculpting,1
crewperson,1
davis,1
kellers,1
remind,1
reminding,1
touching,1
somebodys,1
loves,1
moriarty,1
necessarily,1
atmospheric,1
disturbance,1
jamming,1
ms,1
kyle,1
enrolled,1
fatherson,1
students,1
fieldtrip,1
discussed,1
disapprove,1
raising,1
burden,1
solitary,1
kehleyrs,1
crises,1
instead,1
kehleyr,1
thorne,1
van,1
mayter,1
breathing,1
casual,1
imitate,1
farek,1
nibor,1
nontelepaths,1
impolite,1
aloud,1
relieved,1
pot,1
mold,1
choices,1
ruin,1
demeaning,1
adult,1
clothing,1
fareks,1
scan,1
bought,1
freedom,1
rich,1
queen,1
inform,1
detached,1
detect,1
coercion,1
grueling,1
gemarians,1
dachlyds,1
stubborn,1
gemaris,1
ate,1
sparingly,1
received,1
delightful,1
achrady,1
rearrange,1
relaxing,1
sunads,1
evident,1
sunad,1
personally,1
indecision,1
jonek,1
swam,1
aside,1
craft,1
reconstruct,1
hutchinson,1
reached,1
trusts,1
parameters,1
understandable,1
technically,1
enantiodromia,1
conversion,1
emotionless,1
underlying,1
rebuilding,1
laugh,1
steps,1
appeal,1
easier,1
below,1
winners,1
marissa,1
jay,1
gordon,1
patterson,1
monroe,1
protocol,1
assist,1
big,1
filaments,1
status,1
containment,1
divert,1
monitors,1
preparations,1
qualifications,1
gentlemen,1
defines,1
privilege,1
cleaned,1
equitable,1
spelled,1
cared,1
insist,1
beg,1
kostolain,1
committing,1
balanced,1
achieving,1
mutual,1
kindly,1
mixed,1
messages,1
gown,1
naked,1
heir,1
holy,1
rings,1
holder,1
sacred,1
halfway,1
koropian,1
princess,1
sedan,1
mortifying,1
grandparents,1
grandchildren,1
intrusion,1
undermining,1
hah,1
bride,1
henchman,1
townsfolk,1
piano,1
player,1
match,1
hollanders,1
passing,1
town,1
lend,1
deputies,1
price,1
dollars,1
loose,1
hollander,1
lived,1
shot,1
safeguards,1
automatically,1
terminate,1
eli,1
shuffling,1
cards,1
western,1
villains,1
gunfighter,1
speed,1
accuracy,1
quartermaster,1
surplus,1
yard,1
king,1
hill,1
dokachin,1
confirmed,1
schematic,1
drawings,1
dilithium,1
chamber,1
hands,1
dispatches,1
letters,1
viewer,1
synthesized,1
ingeniously,1
imitations,1
forbid,1
wormhole,1
produced,1
hired,1
gun,1
file,1
files,1
traveling,1
champagne,1
fast,1
dinner,1
blocking,1
currently,1
ridiculous,1
breath,1
caldonian,1
bid,1
states,1
inner,1
selves,1
outmanueuver,1
competitors,1
negotiation,1
resolved,1
continuing,1
aggression,1
enemies,1
undermine,1
staged,1
favor,1
chrysalians,1
collective,1
errors,1
likely,1
combined,1
helplessness,1
insincere,1
lies,1
pakleds,1
sole,1
militant,1
timely,1
intellectual,1
capacity,1
gratification,1
infantile,1
ruse,1
century,1
wandering,1
brulls,1
privacy,1
gatherers,1
turkanans,1
coalition,1
successfully,1
split,1
yourselves,1
deceptive,1
ambiguity,1
loyalties,1
divided,1
troop,1
menatarms,1
executioner,1
castle,1
servants,1
court,1
beamed,1
chronological,1
written,1
speech,1
amateur,1
unfortunate,1
taguans,1
outsiders,1
vash,1
lesson,1
confuse,1
misdirect,1
exocomp,1
obtain,1
million,1
minos,1
korva,1
tens,1
stir,1
dealt,1
assault,1
event,1
linger,1
violently,1
assaulted,1
mutilated,1
improve,1
trombone,1
min,1
offered,1
dishonesty,1
impatient,1
selecting,1
incorrigible,1
insatiable,1
cried,1
mortal,1
alike,1
legend,1
romance,1
comfort,1
pet,1
kitten,1
bond,1
mode,1
transportation,1
shifting,1
passions,1
beast,1
swept,1
emotionalism,1
leadership,1
grows,1
selfconfidence,1
succeeds,1
fails,1
fate,1
nobodys,1
hush,1
smile,1
intimidating,1
feet,1
belay,1
brutal,1
threatening,1
valuable,1
troubling,1
discontinue,1
muzzle,1
greet,1
university,1
telepath,1
talent,1
specialist,1
starfleets,1
urgency,1
adolescence,1
occasionally,1
switched,1
diagnosis,1
special,1
training,1
repeatedly,1
lonely,1
sees,1
impression,1
accepted,1
willingly,1
tin,1
lightyears,1
merging,1
tams,1
precarious,1
exposure,1
insists,1
breaks,1
closer,1
accomplishing,1
grave,1
incomplete,1
christy,1
leah,1
brahms,1
rare,1
pulaskis,1
skill,1
empathy,1
bestowed,1
accomplishments,1
covet,1
success,1
respected,1
humility,1
admires,1
competitive,1
assignment,1
goodbyes,1
anniversary,1
rite,1
ascension,1
resourceful,1
ensigns,1
barbarism,1
traits,1
endemic,1
gender,1
regard,1
chafe,1
expectations,1
kareel,1
taggerts,1
whereve,1
gentleman,1
colgonite,1
astringent,1
glowing,1
ground,1
muddy,1
chased,1
hid,1
songs,1
nearest,1
mining,1
settlement,1
vessels,1
delayed,1
felton,1
purple,1
omelettes,1
sugar,1
activity,1
constant,1
learns,1
grownups,1
acceptable,1
thirtytwo,1
grownup,1
places,1
offlimits,1
blaming,1
center,1
rely,1
sutter,1
gradually,1
wean,1
stealing,1
precious,1
scary,1
isabellas,1
blonde,1
elephant,1
affecting,1
resistance,1
uncertainty,1
slight,1
miscommunication,1
lemec,1
wolves,1
dominance,1
ends,1
dogs,1
janklow,1
gantol,1
excavations,1
appetite,1
boots,1
zoology,1
options,1
amandas,1
unusually,1
traumatic,1
reminds,1
mortality,1
define,1
sensory,1
input,1
pathways,1
inputs,1
anticipated,1
absent,1
inquiry,1
travelling,1
imprint,1
carrying,1
deteriorating,1
approaching,1
suicide,1
terrorized,1
enslave,1
population,1
economic,1
forecasts,1
virtually,1
april,1
anaya,1
linda,1
larson,1
brower,1
display,1
dragged,1
front,1
audience,1
disagree,1
theatre,1
interacting,1
credit,1
enjoyed,1
performed,1
observation,1
appropriate,1
goodnight,1
convincing,1
exceed,1
date,1
sergey,1
helena,1
pried,1
seat,1
delighted,1
scrutiny,1
angel,1
falls,1
advance,1
warning,1
urge,1
granger,1
mariposan,1
bringloidi,1
clones,1
maturity,1
knowhow,1
nonchalance,1
selfworth,1
attuned,1
friendly,1
primitive,1
selfpreservation,1
singlemindedness,1
portrait,1
polished,1
stretched,1
fills,1
snap,1
clearer,1
silly,1
song,1
stops,1
rishon,1
kevin,1
elusive,1
louder,1
famous,1
sizing,1
commodity,1
hunted,1
absurd,1
wore,1
dress,1
prowess,1
physiological,1
enter,1
frighten,1
opted,1
dignified,1
alternate,1
stroll,1
scheming,1
embarrassing,1
coward,1
turns,1
durenia,1
workup,1
macet,1
daro,1
telle,1
complaining,1
visited,1
hospital,1
carmichael,1
goodness,1
affairs,1
clemens,1
replicate,1
outweighs,1
poverty,1
hopelessness,1
cruelty,1
behavioral,1
adjustment,1
twelveyearold,1
negotiating,1
credible,1
emissary,1
assignments,1
brush,1
latin,1
permanently,1
sabbatical,1
crawling,1
digging,1
artifacts,1
youngest,1
lucky,1
brand,1
provoked,1
scissors,1
rectangular,1
metal,1
chairs,1
surrounding,1
conn,1
restraint,1
restraining,1
attached,1
midpoint,1
pavlik,1
consistent,1
procedures,1
unavoidable,1
feeding,1
involves,1
husbands,1
thirtyeighth,1
foggy,1
unresponsive,1
heal,1
reverse,1
objections,1
differently,1
egg,1
shells,1
altogether,1
blind,1
adapt,1
finish,1
appointments,1
woke,1
tied,1
inconclusive,1
positions,1
treating,1
skinned,1
elbows,1
sooner,1
brooks,1
resign,1
fulfill,1
option,1
due,1
perform,1
spare,1
inspirational,1
anecdote,1
resignation,1
surfaces,1
depth,1
colorless,1
hollow,1
substance,1
character,1
sharing,1
cry,1
shoulder,1
commitment,1
instinctive,1
ah,1
instincts,1
discovering,1
resigned,1
fairly,1
nonproductive,1
communications,1
cirumstances,1
reaching,1
sentient,1
instinctively,1
inborn,1
forces,1
drives,1
speculate,1
based,1
awareness,1
gravitation,1
moths,1
fly,1
barn,1
threedimensions,1
photon,1
torpedoes,1
gravitational,1
stimulusresponse,1
driven,1
moth,1
senses,1
appreciated,1
rewarding,1
thankyou,1
aristocratic,1
aster,1
survived,1
deceased,1
relatives,1
aunt,1
uncle,1
residing,1
alerted,1
integral,1
everywhere,1
protected,1
mom,1
wanting,1
broken,1
guilt,1
generous,1
sensibilities,1
touches,1
strike,1
directions,1
involve,1
ruustai,1
handled,1
delicately,1
uniqueness,1
revealed,1
rewards,1
filter,1
rocks,1
dust,1
trick,1
charge,1
wesleys,1
outsider,1
standard,1
judged,1
pulaski,1
instructing,1
shortest,1
route,1
victory,1
opponent,1
advances,1
analyzing,1
failure,1
egobruising,1
disheartening,1
mistakes,1
overreacting,1
specifics,1
conclusion,1
extrapolate,1
overanalyzing,1
clancey,1
tactical,1
crewman,1
escort,1
guest,1
fortunate,1
richness,1
diversity,1
worlds,1
tempers,1
exercise,1
rigorous,1
frustrations,1
tongs,1
awakens,1
surrounded,1
fellow,1
voyage,1
barrons,1
preliminary,1
protovulcan,1
bronze,1
mintakan,1
sensible,1
precisely,1
services,1
kinds,1
intact,1
trade,1
cloth,1
shared,1
headed,1
liko,1
alfredo,1
francisca,1
dancer,1
suitable,1
luck,1
advice,1
peter,1
lin,1
peeples,1
gillespie,1
sighing,1
presonnel,1
disconnected,1
phrases,1
brattain,1
behaving,1
strangely,1
worfs,1
twin,1
conceivable,1
debilitating,1
therapetuic,1
treament,1
dreamers,1
retain,1
theyd,1
kane,1
bartel,1
waiter,1
disoriented,1
following,1
seventyfive,1
historical,1
guests,1
counselors,1
starships,1
forty,1
pressures,1
extended,1
brossmer,1
mcdowell,1
sousa,1
bozeman,1
ordinary,1
dejavu,1
bottle,1
mustve,1
inflection,1
facial,1
awfully,1
shuttles,1
curt,1
inspections,1
inspection,1
inconvenience,1
stunned,1
proves,1
maddox,1
anthropomorphizing,1
lian,1
tsu,1
logan,1
aggressively,1
exception,1
identical,1
ears,1
sensuality,1
unnecessary,1
bothers,1
shielded,1
faintly,1
maintenance,1
hypnosis,1
restore,1
sensation,1
gentlygently,1
specimen,1
confirms,1
reasoning,1
incorrect,1
cloud,1
aban,1
owes,1
collect,1
owed,1
arranging,1
guidance,1
completion,1
selfish,1
monopoly,1
revenge,1
bashir,1
lopez,1
bothering,1
ignore,1
dishonor,1
deny,1
operational,1
centers,1
residential,1
underpinnings,1
dessert,1
tray,1
main,1
purely,1
meal,1
favorites,1
peach,1
cobbler,1
tarvokian,1
powder,1
puff,1
seventeen,1
varieties,1
devoted,1
stellar,1
cartography,1
biological,1
astrophysics,1
engaged,1
facets,1
desserts,1
yum,1
finished,1
multipurpose,1
extra,1
lab,1
cabin,1
adults,1
period,1
procreate,1
pleasant,1
preoccupied,1
recreation,1
obsessed,1
food,1
testing,1
byleth,1
bland,1
warbird,1
neuropsychology,1
bokarasix,1
hypospray,1
spinning,1
heading,1
utmost,1
secrecy,1
loaded,1
property,1
undergo,1
bearing,1
disturbed,1
mret,1
highest,1
ranking,1
spocks,1
movement,1
corvallens,1
mercenaries,1
containers,1
smelled,1
viinerine,1
referring,1
loyalty,1
devotion,1
obedience,1
hail,1
intention,1
broad,1
discretionary,1
questioned,1
eighteen,1
dismiss,1
gravitic,1
succeeding,1
plot,1
destination,1
recognized,1
spy,1
obtained,1
cowardice,1
befit,1
area,1
detection,1
informed,1
nearby,1
dissidents,1
surgically,1
altered,1
ejected,1
outlined,1
stakes,1
squeamish,1
engagement,1
disregard,1
authorize,1
cease,1
battle,1
operations,1
typical,1
resort,1
brute,1
discretion,1
required,1
cloak,1
defies,1
resists,1
regrettable,1
fired,1
upon,1
attacks,1
exaggerated,1
calmly,1
diffuse,1
inflated,1
array,1
sacrificed,1
barkon,1
fallen,1
paths,1
communicating,1
confusing,1
reunion,1
catalyst,1
honestly,1
filament,1
auxiliary,1
em,1
inverter,1
lateral,1
neodyne,1
relay,1
procedure,1
eject,1
antimatter,1
storage,1
unit,1
study,1
aft,1
secondary,1
vent,1
triple,1
redundant,1
bypass,1
junction,1
port,1
transducer,1
matrix,1
fourteen,1
however,1
technicallyminded,1
difference,1
inducer,1
memorizing,1
manuals,1
nowin,1
load,1
qualification,1
odn,1
crawlway,1
hesitated,1
leland,1
t,1
lynch,1
ben,1
prieto,1
pronounced,1
preeettoe,1
meaningless,1
liar,1
spirit,1
equally,1
rejected,1
bens,1
pity,1
armus,1
needy,1
denies,1
daled,1
hospitable,1
sixteen,1
anya,1
salias,1
neutral,1
zone,1
provocative,1
affected,1
yamatos,1
yamato,1
prudent,1
funny,1
frustrated,1
crippled,1
brekkans,1
sobi,1
langor,1
mounting,1
perished,1
barrel,1
birds,1
wings,1
sizes,1
eric,1
sculpture,1
flying,1
realism,1
abstract,1
sculpt,1
brings,1
techniques,1
amazing,1
understatement,1
somebody,1
artifact,1
sacrificial,1
equivalent,1
multiple,1
awe,1
accomplish,1
bent,1
gods,1
prominent,1
horn,1
ascendance,1
generate,1
korganos,1
temple,1
masaka,1
thorough,1
dedicated,1
lofty,1
goals,1
attain,1
disappearance,1
guilty,1
manifested,1
unending,1
walks,1
diane,1
thesis,1
interspecies,1
mating,1
empirical,1
bored,1
wagners,1
phylobiology,1
participate,1
views,1
discussion,1
lifting,1
cup,1
empathically,1
froze,1
exhausting,1
lecture,1
motionless,1
sitting,1
cells,1
metabolizing,1
rate,1
fifty,1
metabolism,1
stabilizing,1
starboard,1
decloaked,1
fields,1
blast,1
returns,1
sending,1
utilization,1
transported,1
singularity,1
spots,1
feedback,1
dying,1
gravity,1
deactivated,1
warbirds,1
warp,1
moves,1
musicians,1
daren,1
pleases,1
nella,1
cutting,1
nicely,1
andrew,1
gladstone,1
supper,1
litter,1
cognitive,1
sufficiently,1
articulate,1
geriatric,1
definite,1
unquestionably,1
canvas,1
cmo,1
resources,1
trace,1
kates,1
repulse,1
wellliked,1
affection,1
emanating,1
flattered,1
learning,1
chorus,1
translators,1
archetypes,1
prodding,1
distinctive,1
uncovering,1
arrived,1
handicap,1
disadvantage,1
butterfly,1
mute,1
unreachable,1
faith,1
oneself,1
tebok,1
thei,1
wright,1
limited,1
extremes,1
description,1
tender,1
differences,1
grew,1
wider,1
intensely,1
superiority,1
exhibited,1
initiate,1
profoundly,1
somewhere,1
generations,1
progeny,1
locate,1
indianapolis,1
grandson,1
arkaria,1
therell,1
saddle,1
orton,1
distraction,1
ortons,1
waiters,1
wils,1
solo,1
priority,1
retrieve,1
stations,1
database,1
valerian,1
root,1
nineteen,1
pulses,1
unendingly,1
crystal,1
flight,1
holds,1
red,1
swollen,1
disappointed,1
exercises,1
teaching,1
kohmanara,1
gandhi,1
terraforming,1
lagana,1
lifelong,1
numbers,1
atalia,1
relying,1
mediation,1
efforts,1
hugh,1
ignoring,1
injustice,1
goal,1
scanners,1
mischievous,1
irreverent,1
brazen,1
rogue,1
malevolence,1
allegations,1
weddings,1
sentimental,1
warrior,1
dragon,1
fought,1
analyze,1
window,1
white,1
distinguish,1
coupled,1
square,1
zanza,1
mens,1
palace,1
moonlight,1
fortyseven,1
turmoil,1
illicitly,1
channel,1
secrets,1
superiors,1
effectively,1
disobey,1
regulations,1
ohh,1
wall,1
warm,1
rapport,1
although,1
hardly,1
reputation,1
spread,1
cherish,1
unimpaired,1
addressed,1
psychotronic,1
stability,1
examination,1
graduating,1
screen,1
results,1
unbalanced,1
vain,1
paranoid,1
extreme,1
lesser,1
gobbling,1
ira,1
distract,1
month,1
entrance,1
exam,1
controlled,1
mindaltering,1
worth,1
lore,1
reboots,1
ethical,1
drawing,1
expressing,1
jung,1
owning,1
shadow,1
actor,1
leg,1
panicked,1
lied,1
defense,1
resist,1
neurosomatic,1
fastened,1
grounded,1
sane,1
worf,147
geordi,95
nonspeaking,70
nd,42
supernumeraries,28
atrean,1
but,270
shes,28
your,266
mother,128
data,106
thats,77
how,139
parents,12
are,270
lal,9
were,140
practically,1
inseparable,1
entire,9
time,111
she,100
was,287
alive,15
every,16
parent,9
feels,13
its,255
very,129
hard,19
let,31
children,15
go,65
out,77
into,36
world,8
fend,1
themselves,5
cant,63
help,66
protective,1
them,119
im,245
sure,72
same,26
way,81
dont,193
know,199
could,97
something,123
separating,1
part,32
life,43
might,68
wanted,32
put,22
behind,10
her,114
if,188
really,41
want,92
why,120
ask,24
think,122
ive,69
ever,24
heard,14
play,6
more,87
expressively,1
so,138
believed,1
human,29
all,199
truth,10
devastating,1
what,333
mean,37
much,55
would,127
telling,13
rob,1
one,96
thing,26
youve,53
congratulations,2
promotion,2
lieutenant,34
thank,29
yes,118
real,30
bajoran,1
foraiga,1
where,41
new,24
quarters,23
wesley,34
transporter,16
chief,11
haskell,1
voiceover,2
computer,66
voice,44
youre,158
worried,7
about,192
or,68
commander,56
riker,19
can,169
feel,90
nothing,46
sir,93
asking,5
certain,16
now,109
captain,245
sense,63
unusual,21
this,307
an,130
intelligence,4
vast,1
eluded,1
me,274
perhaps,37
exactly,18
good,57
satisfy,1
curiosity,2
we,320
unimportant,1
laboratory,1
experiment,4
closest,2
comparison,1
no,218
our,96
destroying,1
ourselves,8
wont,34
change,6
mind,37
wrong,36
tell,75
decision,7
may,64
also,20
should,61
die,7
jeanluc,6
only,58
half,9
us,89
live,10
prefer,2
take,57
my,183
chances,1
being,34
does,29
gone,15
longer,9
presence,16
difficult,19
separate,6
single,4
individual,4
disorder,1
down,34
there,161
able,26
holographic,1
projection,3
yet,16
am,40
suddenly,10
sensing,17
order,13
energy,8
holodeck,21
unifying,1
force,9
consciousness,5
trying,27
bring,7
focus,3
tasha,12
roles,2
several,16
male,5
secretaries,1
two,48
tall,3
women,5
three,23
survivors,5
female,5
guards,8
native,2
buddy,1
men,6
operator,1
crewmembers,8
sounds,10
like,160
own,29
planet,18
please,41
open,9
hailing,1
frequencies,2
counselor,29
deanna,11
troi,30
uss,3
enterprise,38
federation,16
has,94
neglected,1
visit,7
far,8
too,39
long,33
permission,3
correct,10
oversight,1
come,60
search,6
possible,18
freighters,2
mistress,5
beata,5
weve,26
brought,5
small,1
token,1
goodwill,1
didnt,51
imply,1
respect,4
wishes,5
keep,13
brief,1
address,3
issue,2
immediately,5
reason,18
hope,13
damaged,3
freighter,5
marooned,2
seeking,1
learn,13
discovery,3
abandoned,2
accident,9
duty,6
investigate,1
will,156
see,89
they,146
reunited,1
their,60
families,3
fear,14
room,21
cannot,18
say,50
nor,1
focused,2
sensed,16
concerned,13
called,13
perfume,1
using,5
technology,3
find,45
these,25
necessary,10
havent,13
mister,22
ramsey,3
urgent,1
business,5
elsewhere,1
seven,6
years,36
alien,12
rather,10
than,45
excitement,2
anticipation,2
rescued,2
feeling,30
calm,5
wish,14
well,94
other,47
refuse,2
leave,23
terribly,2
while,17
determined,1
execute,2
those,26
people,54
giving,3
second,9
chance,16
prepared,7
group,1
still,44
here,122
incredible,3
program,8
strolling,1
barefoot,1
along,11
beach,1
balalaika,1
music,8
played,3
air,3
ocean,2
breeze,1
washing,1
over,48
stars,1
sky,2
full,5
moon,6
rising,1
most,25
stimulating,1
spend,11
nearly,2
enough,16
coming,16
right,100
concentrate,1
feelings,32
yours,5
mine,4
whats,40
describe,8
looked,6
considered,3
possibility,7
just,143
dream,18
did,99
stay,10
each,23
periods,1
seem,26
minutes,6
hours,7
maybe,58
identify,1
specific,4
symbols,1
remember,45
anything,56
saw,19
object,4
building,2
doctor,30
crusher,7
somethings,5
sickbay,9
any,54
indication,1
temporal,1
displacement,1
course,34
aware,8
crew,22
aboard,12
ship,60
understood,3
thinking,19
explain,9
reception,5
ten,9
forward,16
introduced,1
senior,2
officers,11
actually,17
plans,4
causing,3
start,12
secondguessing,1
proceed,6
normally,3
deal,20
situation,10
occurs,3
word,10
private,3
concerns,2
responding,4
unexpected,4
orders,9
some,97
others,12
confused,5
takes,5
get,74
him,180
happy,15
hear,11
knew,23
going,82
least,8
indicate,3
been,130
debating,1
whether,7
mention,3
had,58
prior,1
relationship,6
ago,16
both,30
thought,40
aye,5
spoken,1
selar,1
said,37
twentythree,1
board,14
contracted,1
kind,26
illness,2
tissues,1
appear,4
reverting,1
earlier,2
stage,4
development,2
thinks,4
anomaly,1
decks,4
report,3
ready,15
theres,52
always,17
next,16
late,10
game,6
welcome,5
cardassian,1
wasnt,17
easy,6
translate,1
doesnt,25
klingon,22
jolly,1
wonderful,16
hang,2
use,11
little,43
color,2
alexander,27
gave,4
before,37
left,24
wished,1
couldve,3
when,107
got,19
back,47
shore,1
seen,10
stayed,5
up,55
night,19
talking,20
proud,5
his,155
father,42
pleasure,6
oh,16
nicest,1
things,37
anyones,1
sohchim,1
great,41
honor,9
make,55
stepmother,1
accept,12
lets,18
assume,3
happen,18
hung,1
painting,2
birthday,4
party,4
whyd,1
lock,1
door,5
happened,61
bridge,21
talk,59
hot,6
chocolate,12
sit,7
relax,4
minute,2
tense,2
times,11
best,19
who,66
even,42
wife,7
changed,8
saying,9
last,33
falling,2
love,22
getting,13
married,5
whatevers,4
believe,50
happening,12
first,37
officer,18
quantum,5
realities,1
understand,56
return,6
guess,3
reality,4
never,53
loved,7
girl,7
shannara,1
yearsold,1
yearold,1
boy,12
ericchristopher,1
home,13
myself,14
promised,1
id,52
feed,1
dalvin,1
hissing,1
beetle,1
away,33
supposed,9
wil,27
give,27
surprise,2
youd,23
hate,2
talked,5
klingons,5
alone,21
birthdays,1
meditate,1
hit,6
yourself,34
pain,24
stick,1
flappers,1
man,37
grey,1
flannel,1
suit,1
gunslinger,2
almost,26
imagination,5
interact,1
characters,2
clues,1
killed,7
engineer,4
brick,3
keystone,2
city,6
wait,17
happens,1
taking,9
follow,4
important,20
clue,2
after,23
doing,45
laying,1
foundation,2
protecting,3
itself,8
again,30
stopping,1
interfering,2
whatever,16
intends,1
continue,5
hes,89
look,30
common,7
themes,1
playing,4
puzzle,2
together,16
laid,1
paper,1
doll,1
fashioned,1
images,5
constructed,1
ships,17
fanciful,1
metaphoric,1
imagery,2
though,13
having,15
daydream,1
literal,1
symbolically,1
probably,10
logic,2
represent,3
various,8
aspects,2
instance,7
represented,2
navigational,1
system,9
weapon,2
many,26
genuinely,1
unaware,1
role,7
emergent,1
infant,1
acting,5
instinct,5
figure,6
goes,4
source,5
experience,21
draw,8
ours,1
through,31
programs,3
try,23
worry,7
everything,17
vertiform,2
listen,12
must,53
friends,23
promise,5
security,21
spot,2
hekaras,1
inhabited,2
isnt,34
theyve,7
contact,13
fleming,1
ferengi,6
cardassians,4
matter,6
kahless,1
felt,41
deception,7
malice,1
overwhelming,5
confidence,4
arrogance,2
residual,2
confusion,2
exhilaration,1
since,10
records,5
show,9
previous,3
fact,12
better,27
intoxicated,1
whatre,1
uncertain,3
fighting,3
picard,38
minds,8
bill,3
free,1
released,2
side,8
humans,8
wouldnt,12
visionaries,1
alarm,1
escalating,1
deliberate,1
concealment,1
intense,7
concealing,1
busy,4
announcement,1
pushed,2
point,15
panic,4
veiled,1
secretive,2
mandl,1
miraculous,1
malencon,1
trouble,10
useful,1
levels,2
lifeform,4
idea,16
murder,2
seemed,10
shock,5
couldnt,14
whole,7
accused,1
terraformers,1
often,7
obsessive,2
career,9
profile,3
possessed,1
highly,5
abstracted,1
lovely,5
visions,1
beautiful,8
apologies,1
farpoint,1
station,5
name,8
mysterious,4
powerful,5
incredibly,4
forcefield,3
collide,1
either,4
frozen,1
cold,5
frightening,5
concur,1
avoid,6
further,5
shows,2
green,2
beyond,5
wed,1
consider,5
form,3
advanced,3
certainly,13
different,17
acknowledging,1
language,4
forms,3
careful,5
illusion,2
barbarian,1
strong,13
emotions,28
groppler,2
betazoid,18
starfleet,13
described,2
loneliness,2
terrible,6
despair,3
close,11
location,1
sensors,1
passages,1
avoided,2
opening,3
gropplers,1
office,8
became,4
painful,2
such,14
unhappiness,1
answer,10
reading,3
someone,34
touch,7
stairs,1
entered,2
hurt,9
sorry,23
beam,10
doubt,10
bandi,2
violate,2
prime,3
directive,3
true,20
actual,1
allies,3
else,29
satisfaction,5
enormous,2
seems,25
anger,11
directed,2
toward,7
old,9
zorn,2
ahead,4
definitely,5
communicated,3
agreement,3
valid,2
q,4
saved,3
vessel,7
somehow,11
then,52
pair,2
creatures,2
grief,2
filled,2
joy,6
gratitude,2
beverly,26
tried,8
keeps,1
avoiding,3
afraid,18
primary,4
concern,4
assign,1
blame,2
recover,2
missing,3
surely,3
means,15
communication,4
case,6
planetary,1
emergency,4
diplomatic,3
hello,23
jason,2
came,16
lots,1
few,19
met,5
somewhat,2
natural,5
born,7
betazed,10
because,32
appointment,9
engineers,4
workmen,1
interesting,13
dreams,6
lately,2
check,2
nightmares,4
shouldnt,8
dark,7
expression,1
unconscious,3
positronic,1
brain,3
works,2
brains,1
express,2
state,4
allow,11
sigmund,2
freud,2
royal,1
road,1
knowledge,4
wake,1
past,11
five,14
patients,5
waking,3
hallucination,4
looking,18
sort,9
technological,2
problem,8
found,12
sometimes,22
cigar,2
lot,20
theories,1
examined,1
theyre,33
flawed,1
obsolete,1
knife,2
archetypal,1
symbol,3
rational,3
clarity,2
sharp,1
cuts,2
dull,1
bottom,1
line,4
developing,1
interest,4
innerworkings,1
call,16
beginnings,2
neurosis,2
eliminated,2
technical,2
explanations,1
makes,1
neural,5
net,1
becomes,5
complex,2
psychological,4
complexities,1
person,16
whos,9
excited,1
prospect,2
counseling,2
regular,1
basis,3
weekly,1
step,9
shut,3
until,12
session,1
safe,6
reflect,1
deck,9
thirtysix,2
explained,1
fault,5
turnabout,1
fair,5
made,14
snack,1
cake,4
during,8
evaluations,3
six,6
weeks,5
positive,3
posted,2
nacelle,10
tube,5
personal,7
logs,4
helpful,5
kwans,5
personnel,8
exceptionally,1
stable,1
hed,4
reported,2
altercation,2
napean,1
fathers,6
looks,5
normal,14
expecting,1
place,17
mess,1
ending,2
relief,1
ensign,41
calloway,3
lose,10
care,13
entry,2
morning,9
sound,9
planning,2
dan,1
recently,6
upset,7
nara,2
superior,1
prone,1
mood,3
swings,1
depression,1
napeans,1
partially,2
empathic,11
inherited,1
mothers,13
abilities,6
arent,17
investigating,1
death,12
around,11
notice,2
behavior,5
job,7
performance,2
coworkers,1
overwhelmed,3
flood,1
rage,2
sensations,1
suppose,6
went,14
experienced,6
indicates,1
welladjusted,1
optimistic,1
trake,2
read,15
friend,9
yridian,1
tea,3
echo,2
ones,4
young,10
grandfather,2
used,16
stories,4
fire,5
eyes,15
end,11
rarely,1
spoke,2
loud,4
offworlders,1
fireplace,1
head,5
needs,17
kwan,5
shell,5
regrets,1
advantage,3
quick,2
tool,1
crate,1
floor,3
labeled,1
utopia,3
planitia,3
everyone,13
directly,1
seeing,13
elses,1
woman,16
staring,3
peculiar,1
reddish,1
hair,6
familiar,6
hazy,1
control,15
detail,1
relevant,2
literally,1
thousands,5
involved,7
asked,14
limit,1
whove,2
served,5
salvatore,1
transferred,1
off,11
year,4
ziff,1
mechanics,1
months,9
engineering,7
under,16
construction,1
recall,3
possibly,1
involving,1
someones,2
investigation,1
strange,11
bluff,1
suggests,6
telepathic,14
ability,7
holding,6
access,6
itll,5
hour,4
transmission,1
completed,1
mmm,1
acknowledged,1
completely,5
suppress,1
already,7
fine,26
inhibitor,2
working,7
console,3
built,1
power,13
conduit,4
work,19
took,6
panel,3
pull,3
service,6
record,5
arrive,2
shipyard,1
finns,1
clearly,8
face,7
finn,1
regret,1
jeopardize,1
friendship,4
ill,44
waiting,7
eight,4
trois,1
pierce,4
hold,11
override,1
authorization,2
deltatwonine,1
stop,30
imagine,8
seconds,3
affair,1
lost,16
afterwards,2
activated,2
plasma,5
stream,2
threw,1
himself,10
struck,3
subspace,2
present,4
imprinted,2
pattern,2
residue,1
triggered,1
taken,7
elements,2
created,6
ways,10
paralleled,1
hadnt,5
jumped,1
hell,8
hath,1
fury,1
scorned,1
dead,9
bodies,4
day,12
childrens,2
favorite,4
school,4
activities,1
model,1
finalists,1
pick,1
third,3
four,12
honorable,1
mentions,1
agreed,3
arrogant,1
overbearing,3
selfimportant,1
interpret,2
empty,1
space,7
convinced,4
begin,3
attempt,4
stress,7
crews,1
concentration,1
shift,1
abundance,1
wellbeing,2
quite,23
1500,1
body,4
words,13
tone,1
judge,2
karnas,3
honest,6
established,6
mordan,1
useless,2
admiral,6
suggesting,2
terrorists,3
arms,2
weapons,2
negotiate,5
demanded,2
outside,6
negotiator,1
physical,6
capacities,1
restored,1
gives,5
hopeful,1
eager,1
harder,2
forceful,1
attitude,1
ambition,3
wants,15
once,10
memories,4
accurate,4
lead,7
teams,2
believes,6
cares,1
despite,1
changes,2
undergoing,1
lives,9
stake,2
mrs,3
jameson,1
double,2
bars,1
elongated,1
s,1
unless,3
insect,1
break,5
overpreparing,1
upgrade,1
need,46
diversion,1
installed,1
which,23
shield,1
thoughts,8
recommend,3
attention,3
ignored,1
facts,1
chasing,2
searched,1
computers,1
hiding,6
colder,1
minus,1
seventy,1
entirely,3
designed,2
ensure,2
noninterference,1
everythings,1
nikolai,1
lunch,2
hungry,1
ongilin,1
caviar,1
salty,1
besides,3
stranger,3
eating,1
noticed,2
dry,1
wonder,6
environmental,2
controls,1
set,9
properly,1
excused,1
admit,7
rest,10
increase,3
ambient,1
temperature,3
degrees,3
centigrade,1
relative,2
humidity,2
another,27
percent,2
freezing,1
original,2
command,12
bath,1
adjust,3
twentynine,2
celsius,1
ninety,1
later,10
water,2
glass,1
transformed,2
spider,1
disease,1
named,1
clear,7
calender,1
track,6
pleased,2
meet,16
maques,8
glad,12
learned,6
short,2
justice,1
embarrassed,3
nothings,2
misled,1
telepathy,4
cairn,4
among,4
hidden,2
value,3
honesty,3
share,5
stopped,5
round,2
arguing,1
sudden,2
fell,3
apart,4
erratic,1
clothes,2
wearing,2
subdued,1
neurotransimitter,1
verbally,2
youll,15
arboretum,4
hedril,8
enjoy,3
setting,1
flowers,1
hue,1
without,15
thorn,1
rose,2
earth,11
poem,1
john,6
milton,2
poetry,1
artform,1
uses,2
rhyme,2
speculating,1
heaven,3
roses,1
thorns,1
medical,11
yesterday,2
paracortex,1
lobe,1
telepathically,6
communicate,5
jumble,2
calls,2
misunderstood,2
keeping,3
meant,9
metaconscious,5
psyche,5
filtering,1
mechanism,2
protect,6
psychic,2
trauma,5
centered,1
suffered,2
tolerate,1
lights,3
collapsed,1
retreated,1
generated,1
faces,2
recognize,2
events,2
provide,5
helped,3
calling,7
none,8
daddy,2
toys,1
sang,2
valley,1
finding,3
goodbye,3
lwaxana,1
sick,1
sad,2
fits,3
mentioned,4
homn,4
transmit,1
copy,1
soon,9
child,15
vulnerability,1
depicts,1
fragile,2
wolf,1
summoning,1
defenses,1
belongings,1
journal,4
bad,10
died,10
pack,1
mad,1
shed,3
done,20
known,10
checked,1
enquiries,1
government,4
contacted,3
evidence,6
review,2
kept,7
starts,1
diligent,1
making,8
entries,2
answers,2
delete,1
parts,2
elnar,1
kestra,3
killing,2
forgive,5
tragedy,3
worst,3
responsible,8
sweet,3
sister,1
joyous,1
celebrate,1
mourn,1
inside,10
hurting,6
move,6
moments,3
strain,3
repress,3
memory,12
forever,3
told,14
someday,2
carstairs,1
considering,2
supervisory,1
position,7
tempt,1
alyssa,2
hurts,1
run,5
lavelle,1
poker,3
potemkin,3
ingratiate,1
realized,4
inexperienced,1
decided,4
against,4
chair,2
kmtar,1
invoked,1
yanora,1
kor,1
vote,1
cancel,5
brother,1
decide,5
custody,1
confident,2
scare,1
bit,5
exposing,1
sides,4
heritage,1
whod,1
wear,1
uniform,1
balance,5
within,4
trust,15
yridians,1
forthcoming,1
obrien,19
standing,3
conscious,3
knowing,3
trap,1
desperately,1
nightmare,4
disjointed,1
halfheard,1
voices,3
dimension,2
across,2
chasm,1
remorse,2
witnessed,1
handling,1
represents,2
timid,1
worse,3
cause,8
hesitate,3
fully,4
capable,2
decisions,1
healthy,5
determine,2
turned,2
encountered,3
ridge,1
immense,2
intent,2
lowly,1
animals,1
tormented,1
performing,2
amusement,1
bonding,6
gifts,2
wedding,5
presents,1
mission,12
distance,2
genetic,3
tradition,1
loveliness,2
millers,1
adopted,1
customs,2
traditions,1
including,4
starship,8
limits,4
carefully,1
dance,2
especially,6
rolled,1
excuse,8
arriving,1
expected,2
neither,2
warn,3
eccentric,1
inappropriate,3
valet,2
xelo,1
subject,1
accustomed,2
believing,1
vows,1
apologize,1
bear,3
trip,6
trait,2
annoying,1
eventually,6
absolutely,5
practicing,1
psychologist,1
concert,4
artist,1
surprised,4
hoped,2
desert,1
imzadi,5
beloved,1
react,4
temper,2
manage,2
wyatts,1
miller,1
wyatt,1
ariana,1
obligations,2
joke,2
except,6
lie,2
amusing,1
werent,3
amused,1
structured,1
society,3
exceedingly,1
suggest,13
apology,2
view,3
weaken,1
history,3
mainly,3
curious,9
lutan,6
sexual,3
attraction,1
males,2
yar,2
physically,1
attractive,7
avarice,1
information,7
briefing,1
studies,1
ligon,3
lutans,3
personality,8
abnormally,1
high,5
achievement,1
strongly,2
establish,3
dangerous,5
self,2
image,5
function,2
achieved,1
standards,1
kill,5
riskiest,1
prize,1
according,3
code,4
achieve,3
recognition,1
daring,1
bold,1
delay,2
request,3
preferable,1
led,1
custom,1
requires,2
importance,1
thrill,1
basic,2
simple,6
plague,1
vaccine,2
blood,1
practical,2
odds,1
defeat,3
easily,6
win,1
bargaining,1
points,3
pointed,1
risk,10
volunteer,1
approval,1
liked,3
anxious,4
agree,9
perspective,1
yars,1
combat,1
entitled,1
rules,4
reasons,2
stargazer,1
phantom,1
bok,1
considerable,2
boks,1
danger,10
mechanical,1
nature,4
vigo,1
troubled,1
puzzled,1
random,3
sets,1
intermixed,1
transmissions,2
affects,1
low,2
intensity,3
living,7
delusion,1
frustration,2
reliving,1
destroyed,4
explosion,1
planets,3
sector,5
conditions,1
similar,5
dorvan,1
uninhabited,1
colonized,1
adjourn,1
indian,1
tribes,1
spanish,1
overlords,1
drove,1
mexico,1
colonists,4
eulogy,2
grandmother,1
remarkable,3
tells,3
dreamt,1
bed,5
caress,1
frankly,1
envious,2
bound,1
reports,6
chapters,1
hi,1
bev,1
mokbara,1
class,9
obviously,4
romantic,1
realize,6
fool,1
ronin,2
grandmothers,1
lover,1
sensual,1
attracted,3
intimate,1
warned,2
recent,1
loss,9
defensive,1
choice,5
claim,1
daughter,2
sela,1
cloned,1
keiko,5
ro,5
underground,2
arm,5
storm,2
wwhere,1
skin,1
tingling,1
speak,6
moment,19
instant,5
carried,3
wind,1
southern,1
polar,1
region,1
essex,5
deactivate,1
safety,4
release,3
circumstances,2
secure,1
discuss,5
wounded,3
injured,6
values,1
picards,2
above,1
proposal,1
lower,5
field,6
introduce,3
bryce,1
shumar,1
indeed,1
steven,1
mullen,1
morgan,1
kelly,1
spirits,1
ghosts,3
knows,7
harm,6
anyone,10
forced,2
action,4
trapped,5
centuries,2
escape,5
torture,2
occurred,4
caught,1
electromagnetic,2
shuttle,7
crashed,1
lightning,1
ripped,1
absorbed,3
magnetic,1
currents,2
surface,3
ncc,1
oneseventhree,1
daedalus,1
hundred,6
uttan,1
narsu,1
starbase,4
twelve,4
trusting,1
effort,4
demands,1
excessive,2
simpler,1
accede,1
injuries,1
simply,7
finally,4
crash,1
site,1
broke,2
atmosphere,1
reach,6
skeletal,1
remains,3
proper,1
burial,1
truly,3
openminded,1
cooperate,1
exact,3
coordinates,2
wreck,1
separated,2
risks,2
hostage,1
protection,3
foolish,2
questions,5
fade,1
scientific,4
quiet,1
insult,1
ghost,2
seek,4
star,3
uxmal,1
drift,1
storms,2
escaped,4
incapable,1
eluding,1
moons,1
approach,2
hundreds,2
condemned,1
prisoners,1
carry,5
advise,1
pass,4
watching,1
hearing,5
intelligent,4
thoughtful,3
ruthless,1
skills,2
demanding,1
disciplined,1
conform,1
selfdiscipline,1
helps,3
patience,1
seronia,1
lumerians,1
serenity,1
calmness,1
tranquility,1
embody,1
qualities,1
thereve,1
instances,1
empath,7
authorizes,1
today,10
disturbing,3
encounter,2
alkars,1
frightens,2
okay,11
reward,2
pieces,1
fudge,2
brownie,1
alkar,3
strength,5
comes,5
courage,2
wisdom,1
todays,1
calendar,1
company,2
usually,5
complicated,2
overthink,1
bothered,2
example,2
tired,5
complain,1
whine,1
academy,5
coddled,1
transport,2
less,12
pressure,2
deserve,1
transfer,4
interrupting,2
pretend,1
support,3
secretly,1
fail,3
needed,3
liva,2
flow,1
negative,3
reversed,2
days,11
thanks,6
sticking,1
guinan,17
paxan,1
entity,5
mcknight,1
unfocused,1
dizzy,2
alright,7
mirror,4
finenow,1
mask,1
plan,7
failed,3
regardless,1
invaded,2
unacceptable,2
stunfield,1
effect,2
remained,1
attempted,3
existence,1
destroy,5
thousand,7
lifeforms,2
assure,3
silence,1
immune,1
influence,1
species,6
worthy,2
general,2
disorientation,1
serious,5
kopf,1
nurse,15
slow,3
jake,2
frightened,8
recess,1
convince,3
innocent,3
prove,1
innocence,1
earned,5
profits,1
dealings,3
interested,4
fading,1
terrified,7
suggested,1
gloves,1
jeremiah,3
returned,3
family,7
condition,5
wrenching,1
rediscover,1
identity,4
connection,3
roots,1
build,2
whom,3
explore,3
origins,2
shown,1
humanity,4
seldom,1
explanation,1
rehearsed,1
travel,3
light,3
dodge,1
asteroid,1
brave,3
hostile,3
aliens,4
parental,1
cringe,1
purpose,2
tests,3
endurance,1
determination,1
excel,1
war,9
females,3
weak,3
picture,3
awakening,1
jono,2
send,5
letting,3
gain,2
choose,5
alarmed,1
appearance,1
mirasta,2
leader,6
community,3
scientists,2
generally,1
arrival,1
solar,1
monitor,2
broadcast,1
signals,3
journalism,1
humor,2
capital,2
rivas,1
jakara,1
tourist,1
marta,1
crewmember,2
ogawa,5
faced,1
reg,12
apprehensive,1
join,7
transporting,4
secret,2
crazy,3
molecule,2
anxiety,3
desensitize,1
type,1
gradual,1
process,8
relaxation,1
technique,1
plexing,1
method,1
nervous,3
stimulate,2
nerve,1
cluster,1
carotid,1
artery,1
stimulates,1
releases,1
endorphins,3
rush,2
barclay,8
responded,1
la,5
forge,5
exhausted,1
agitated,2
absence,1
temporarily,2
relieving,1
anybody,3
chess,2
gambits,1
ploys,1
intuition,2
compliments,1
bet,3
owe,1
samarian,1
sunset,1
traditional,1
style,4
specifically,2
bartender,1
artificial,3
damage,3
confirmation,1
headquarters,1
belong,2
remembering,3
emotional,12
associated,1
unnerving,1
respond,3
restless,1
everytime,1
hand,7
closing,1
throat,1
discovered,3
impressive,1
research,3
uncovered,1
william,1
ode,1
keats,1
visiting,2
psychologically,1
tomorrow,5
civilians,1
techician,1
doctors,1
nurses,3
civilian,1
medics,1
stuff,1
scared,3
refusing,1
lying,5
worrying,1
began,2
son,7
reaches,1
safely,1
raise,2
honored,1
alex,1
tamarian,2
creature,2
lefler,1
copilot,1
passenger,1
encounters,1
peaceable,1
race,2
picking,2
intentions,3
assuming,2
challenge,1
ritual,2
darmok,4
contention,1
between,8
proposed,1
term,2
linguistic,1
databases,1
compiled,1
universal,2
translator,2
contacts,1
cultures,3
misspoken,1
shantil,1
cross,1
reference,2
index,1
unfortunately,1
juliet,1
balcony,1
tamarians,1
hero,1
hunter,1
tanagra,1
island,1
details,1
understanding,1
rutians,1
plaza,1
rutian,1
police,3
ansata,1
become,16
pawns,1
conflict,2
signal,2
evacuation,1
recovering,2
wound,1
severe,1
borg,5
jacks,1
handsome,3
deuces,1
stands,1
flush,3
straight,3
older,2
seasoned,1
gained,2
comfortable,3
happier,1
question,13
team,3
entertaining,1
patient,5
cheerful,1
impudence,1
stabilize,2
stimulation,1
preventing,1
infection,2
dreaming,2
relaxed,3
experiencing,1
warmth,2
intensify,2
commanders,1
rikers,2
passionate,1
produce,2
types,2
attract,1
ian,10
hurry,3
save,8
lifeforce,2
passed,3
miss,4
sadness,3
theory,2
organisms,1
sensitive,3
repel,1
isolated,4
areas,1
primal,1
survival,1
weaker,1
tighten,1
growth,2
rates,1
zero,1
treaty,3
negotiated,1
sent,6
seventytwo,1
legal,1
experts,1
culture,4
extremely,3
formal,1
ritualistic,1
smooth,2
matters,2
nonhumanoid,1
races,1
sheliak,3
barely,4
languages,1
theirs,2
continues,1
elude,1
communicates,1
stranded,1
teach,1
ssmarith,1
liquid,1
brown,1
conceptualize,1
universe,3
relatively,1
talks,3
500000,1
length,1
accommodate,1
irrational,2
level,5
complexity,1
future,5
misunderstandings,1
temporary,1
interfere,2
gleason,1
throwing,1
impact,3
hasnt,3
consequences,2
deeper,2
losing,2
nation,1
nobody,1
doubts,1
nanites,1
speaking,2
locutus,1
technicians,4
turning,1
punishment,2
advocate,1
genuine,3
diplomacy,1
fluctuations,2
acknowledge,2
perceive,3
misc,1
jnaii,1
founded,1
twentyonesixtyone,1
twos,1
sixes,1
aces,1
wild,1
box,1
belonged,1
ancestors,1
stored,1
pictures,1
marked,1
names,2
related,2
soren,1
relationships,2
constantly,1
changing,1
genome,1
12yearold,1
pianist,1
reluctant,1
conor,3
selectively,1
bred,1
dna,2
patterns,2
chosen,3
preserve,1
colony,3
disruptive,1
throw,1
seriously,2
untimely,1
student,2
fascinating,1
book,2
vacation,3
hotel,1
abandoning,1
fundamental,1
approve,3
succeed,1
nevertheless,2
leaving,4
reasonable,2
suggestions,2
disarming,1
perfect,5
administrator,1
meters,1
desolation,1
simplistic,1
reengineer,1
nursery,2
prepare,4
aaron,9
maintain,1
discreet,1
angry,20
allowing,1
fall,2
story,6
martin,2
introducing,1
halfbetazoid,1
halt,1
poor,1
judgement,1
acted,4
unprofessionally,1
influences,1
intend,3
walked,3
hannah,1
walk,6
interests,2
stolen,1
vulcan,3
romulans,10
cloaked,2
base,3
reunification,1
successful,1
invasion,1
12,1
prisonersveterans,1
10,1
officials,1
orbiting,1
angosia,2
lunar,2
terrifies,1
mistreat,1
expert,1
duality,3
crimes,1
deeply,3
typically,1
angosian,3
randomly,1
deliberately,1
violent,3
inherantly,1
nonviolent,2
inherent,2
criminal,1
link,1
central,1
roga,5
danar,2
impossible,6
prison,3
military,4
soldier,4
arrested,1
mans,3
crime,4
commit,2
acts,2
violence,3
started,7
idealistic,1
answered,2
peoples,1
joined,1
fight,4
manipulation,1
biochemical,1
modifications,1
programmed,1
whenever,2
perceived,1
programming,2
clicks,1
reflexes,1
enhanced,2
conditioned,1
survive,4
cost,2
committed,1
says,5
ordered,3
soldiers,1
quickly,5
result,3
exiled,1
member,3
methods,1
treatment,1
partial,1
recovery,4
peace,3
suffer,3
tech,1
council,5
members,10
assassins,1
guard,3
clerk,1
adjusting,1
environment,2
disgrace,1
ambassador,10
evening,2
attend,2
wes,2
provoke,1
incident,5
vague,3
undefined,1
vulcans,4
sarek,2
early,3
symptoms,2
include,1
bursts,1
emotion,6
mostly,1
possess,2
unintentionally,1
projecting,1
onto,4
celesia,1
watch,9
ops,1
replace,1
replaced,1
crewmate,1
fashion,1
unlike,3
biology,1
offspring,2
argue,1
lifetime,2
affect,3
interrelate,1
socialization,1
apparent,1
walking,1
expect,5
taste,2
spoon,2
rim,1
ice,3
cream,5
middle,2
gently,1
sculpting,1
crewperson,1
davis,1
kellers,1
com,7
tarmin,2
ullians,2
jev,3
remind,1
individuals,2
reminding,1
serving,2
mustnt,2
brushing,2
awful,2
touching,1
somebodys,1
loves,1
responsibility,3
moriarty,1
necessarily,1
atmospheric,1
disturbance,1
jamming,1
womans,3
ms,1
kyle,1
enrolled,1
teacher,3
fatherson,1
afternoon,3
opportunity,5
students,1
fieldtrip,1
problems,4
discussed,1
disapprove,1
raising,1
tremendous,3
burden,1
particularly,3
solitary,1
wondered,2
kehleyrs,1
handle,5
crises,1
instead,1
dealing,3
act,2
kehleyr,1
hide,5
healing,2
thorne,1
van,1
mayter,1
datas,6
cat,3
running,3
jenna,2
breathing,1
casual,1
ultimately,2
imitate,1
sum,2
daimon,3
tog,3
farek,1
nibor,1
nontelepaths,1
impolite,1
aloud,1
relieved,1
chalice,2
rixx,2
clay,3
pot,1
mold,1
growing,3
marry,2
choices,1
ruin,1
demeaning,1
adult,1
removed,2
clothing,1
fareks,1
scan,1
meaning,2
bought,1
freedom,1
rich,1
fold,2
queen,1
reaction,3
inform,1
captains,5
given,7
detached,1
odd,2
detect,1
coercion,1
grueling,1
managed,2
gemarians,1
dachlyds,1
stubborn,1
gemaris,1
ate,1
sparingly,1
slept,2
solution,3
received,1
delightful,1
news,2
excellent,3
meeting,3
returning,3
conference,3
achrady,1
rearrange,1
schedule,4
relaxing,1
sunads,1
hatred,3
evident,1
zalkonians,2
sunad,1
personally,1
threatened,3
indecision,1
risa,2
jonek,1
swam,1
aside,1
craft,1
romulan,14
reconstruct,1
sign,4
beginning,5
hutchinson,1
timothy,10
timothys,2
reached,1
trusts,1
parameters,1
shall,4
android,4
understandable,1
technically,1
enantiodromia,1
conversion,1
opposite,2
machine,4
emotionless,1
underlying,1
rebuilding,1
persona,2
stronger,2
drop,2
naturally,2
encourage,2
nice,6
fantasy,7
laugh,1
direction,2
steps,1
fascination,3
appeal,1
easier,1
touched,2
coincidence,3
below,1
everyones,2
catch,2
moving,3
winners,1
science,3
marissa,1
jay,1
gordon,1
patterson,1
tour,3
wheres,3
monroe,1
protocol,1
appreciate,3
mandel,2
assist,1
big,1
filaments,1
cosmic,6
string,4
engine,3
status,1
containment,1
divert,1
monitors,1
theyll,4
hoping,4
preparations,1
saucer,2
section,3
stand,4
cut,2
qualifications,1
hostility,3
gentlemen,1
contract,2
defines,1
duties,2
responsibilities,2
privilege,1
cleaned,1
monsters,2
equitable,1
spelled,1
list,2
cared,1
insist,1
beg,1
pardon,2
marriage,4
kostolain,1
committing,1
balanced,1
achieving,1
mutual,1
kindly,1
assumed,2
helping,5
mixed,1
messages,1
gown,1
naked,1
heir,1
holy,1
rings,1
holder,1
sacred,1
spite,2
halfway,1
disappeared,2
dressed,2
koropian,1
princess,1
sedan,1
mortifying,1
grandparents,1
grandchildren,1
enemy,2
intrusion,1
undermining,1
hah,1
bride,1
henchman,1
townsfolk,1
piano,1
player,1
match,1
hollanders,1
passing,1
town,1
lend,1
deputies,1
sheriff,2
durango,2
price,1
dollars,1
ancient,2
west,2
delicious,2
loose,1
hollander,1
lived,1
god,8
shot,1
create,4
safeguards,1
automatically,1
terminate,1
eli,1
shuffling,1
cards,1
plays,2
western,1
villains,1
gunfighter,1
shoot,2
speed,1
accuracy,1
quartermaster,1
surplus,1
yard,1
king,1
particular,2
hill,1
treat,3
dokachin,1
jdan,2
confirmed,1
schematic,1
drawings,1
dilithium,1
chamber,1
hands,1
week,5
closed,2
dispatches,1
letters,1
viewer,1
perfectly,6
synthesized,1
ingeniously,1
imitations,1
whipped,2
forbid,1
wormhole,1
produced,1
premier,3
hired,1
gun,1
file,1
delegate,2
devinoni,4
ral,6
files,1
deep,2
negotiations,2
traveling,1
companion,3
drink,2
champagne,1
fast,1
fun,2
dinner,1
response,4
blocking,1
currently,1
uh,3
ridiculous,1
jack,2
breath,1
caldonian,1
bid,1
edge,2
states,1
inner,1
selves,1
manipulate,3
outmanueuver,1
uncomfortable,3
tension,4
goss,2
scene,2
powers,5
competitors,1
negotiation,1
resolved,1
continuing,1
aggression,1
enemies,1
undermine,1
staged,1
favor,1
chrysalians,1
collective,1
errors,1
likely,1
combined,1
helplessness,1
insincere,1
lies,1
pakleds,1
sincere,2
sole,1
prisoner,2
militant,1
unwilling,2
timely,1
evolution,2
intellectual,1
capacity,1
gratification,1
infantile,1
responses,3
ruse,1
century,1
wandering,1
brulls,1
privacy,1
gatherers,1
turkanans,1
coalition,1
alliance,2
successfully,1
split,1
yourselves,1
deceptive,1
ambiguity,1
loyalties,1
divided,1
archeology,2
troop,1
menatarms,1
executioner,1
castle,1
servants,1
court,1
beamed,1
assigned,2
chronological,1
structure,2
suggestion,3
written,1
brilliant,3
speech,1
amateur,1
ruins,2
tagus,2
unfortunate,1
taguans,1
outsiders,1
vash,1
lesson,1
confuse,1
misdirect,1
dislike,2
professor,4
nds,3
exocomp,1
captured,2
available,5
obtain,1
million,1
minos,1
korva,1
attack,5
tens,1
stir,1
victim,2
dealt,1
assault,1
effects,2
event,1
linger,1
treated,2
violently,1
kidnapped,2
assaulted,1
mutilated,1
attacked,2
technician,4
improve,1
age,3
trombone,1
complete,4
chose,3
min,1
offered,1
tomalak,2
dishonesty,1
desire,3
impatient,1
selecting,1
twenty,2
incorrigible,1
insatiable,1
apply,2
cried,1
vulnerable,2
mortal,1
dies,2
provides,2
rituals,3
alike,1
impressed,2
animal,4
legend,1
horses,2
romance,1
comfort,1
pet,1
kitten,1
reacted,2
badly,2
bond,1
mode,1
transportation,1
shifting,1
passions,1
beast,1
swept,1
emotionalism,1
leadership,1
grows,1
selfconfidence,1
education,2
guide,2
adulthood,2
experiences,4
unique,4
succeeds,1
fails,1
fate,1
nobodys,1
hush,1
smile,1
intimidating,1
lean,2
feet,1
belay,1
facing,2
brutal,1
threatening,1
valuable,1
troubling,1
element,3
discontinue,1
muzzle,1
greet,1
tam,9
university,1
studied,2
psychology,2
telepath,1
extraordinary,3
talent,1
specialist,1
starfleets,1
urgency,1
betazoids,4
develop,3
adolescence,1
understands,3
occasionally,1
switched,1
diagnosis,1
special,1
training,1
repeatedly,1
throughout,3
lonely,1
sees,1
ran,2
chandra,2
humanoids,3
impression,1
accepted,1
willingly,1
tin,1
lightyears,1
merging,1
tams,1
judgment,2
precarious,1
exposure,1
drawn,2
insists,1
breaks,1
closer,1
accomplishing,1
grave,1
mistake,2
incomplete,1
christy,1
leah,1
brahms,1
rare,1
pulaskis,1
greatest,2
skill,1
empathy,1
wise,2
bestowed,1
pride,2
accomplishments,1
covet,1
success,1
respected,1
false,2
humility,1
admires,1
competitive,1
assignment,1
goodbyes,1
beside,2
anniversary,1
rite,1
ascension,1
resourceful,1
ensigns,1
ceremony,2
engage,2
barbarism,1
traits,1
endemic,1
gender,1
regard,1
sons,2
chafe,1
expectations,1
remain,2
kareel,1
taggerts,1
whereve,1
odan,2
gentleman,1
colgonite,1
astringent,1
indulge,2
glowing,1
ground,1
muddy,1
chased,1
hid,1
songs,1
nearest,1
mining,1
settlement,1
vessels,1
delayed,1
felton,1
purple,1
omelettes,1
sugar,1
isabella,16
pretty,5
clara,20
activity,1
imaginary,3
constant,1
learns,1
grownups,1
acceptable,1
thirtytwo,1
grownup,1
places,1
offlimits,1
turn,2
starting,2
blaming,1
center,1
ceramics,2
meantime,3
rely,1
partner,2
sutter,1
rozhenko,3
wondering,3
gradually,1
wean,1
stealing,1
precious,1
childhood,2
scary,1
anywhere,2
isabellas,1
eleven,2
blonde,1
sore,2
elephant,1
affecting,1
resistance,1
uncertainty,1
slight,1
miscommunication,1
gul,2
lemec,1
dominant,2
wolves,1
dominance,1
ends,1
dogs,1
henry,2
janklow,1
gantol,1
excavations,1
appetite,1
boots,1
zoology,1
options,1
amanda,3
amandas,1
herself,2
unusually,1
traumatic,1
reminds,1
mortality,1
define,1
sensory,1
input,1
mental,2
pathways,1
inputs,1
anticipated,1
missed,2
absent,1
terminal,3
inquiry,1
dozens,2
travelling,1
imprint,1
terror,2
carrying,1
deteriorating,1
approaching,1
suicide,1
terrorized,1
enslave,1
population,1
economic,1
forecasts,1
virtually,1
april,1
anaya,1
linda,1
larson,1
brower,1
display,1
dragged,1
front,1
audience,1
progress,2
disagree,1
theatre,1
withdraw,2
interacting,1
credit,1
enjoyed,1
performed,1
pure,2
observation,1
former,2
appropriate,1
goodnight,1
convincing,1
exceed,1
date,1
scheduled,2
sergey,1
helena,1
pried,1
seat,1
delighted,1
scrutiny,1
angel,1
falls,1
advance,1
warning,1
urge,1
caution,2
granger,1
mariposan,1
beings,3
bringloidi,1
drive,2
clones,1
maturity,1
knowhow,1
stubbs,2
nonchalance,1
practiced,2
selfworth,1
attuned,1
friendly,1
primitive,1
selfpreservation,1
singlemindedness,1
portrait,1
polished,1
stretched,1
tight,2
fills,1
snap,1
core,4
inhabitants,2
range,2
clearer,1
silly,1
song,1
stops,1
rishon,1
kevin,1
elusive,1
louder,1
sleep,6
famous,1
sizing,1
commodity,1
worshipped,2
midlife,3
phase,3
hunted,1
absurd,1
wore,1
dress,1
prowess,1
physiological,1
enter,1
frighten,1
opted,1
dignified,1
husband,2
alternate,1
stroll,1
scheming,1
embarrassing,1
coward,1
turns,1
durenia,1
workup,1
macet,1
glinn,2
daro,1
telle,1
visitors,3
complaining,1
visited,1
hospital,1
carmichael,1
goodness,1
affairs,1
clemens,1
replicate,1
outweighs,1
peaceful,2
poverty,1
hopelessness,1
cruelty,1
behavioral,1
worked,2
adjustment,1
twelveyearold,1
negotiating,1
credible,1
emissary,1
assignments,1
degree,2
brush,1
latin,1
permanently,1
sabbatical,1
crawling,1
caves,2
digging,1
artifacts,1
youngest,1
lucky,1
brand,1
provoked,1
willing,4
sat,2
scissors,1
table,9
shape,2
rectangular,1
metal,1
furniture,2
chairs,1
surrounding,1
uneasy,2
conn,1
restraint,1
restraining,1
attached,1
midpoint,1
rager,4
pavlik,1
consistent,1
procedures,1
unavoidable,1
feeding,1
suffering,2
involves,1
husbands,1
thirtyeighth,1
foggy,1
blank,3
unresponsive,1
otherwise,2
heal,1
reverse,1
objections,1
differently,1
egg,1
shells,1
altogether,1
blind,1
adapt,1
finish,1
appointments,1
woke,1
tied,1
crying,2
pretending,2
inconclusive,1
positions,1
treating,1
skinned,1
elbows,1
sooner,1
prevent,2
brooks,1
denied,2
resign,1
fulfill,1
option,1
due,1
belief,2
disabled,2
perform,1
spare,1
inspirational,1
anecdote,1
resignation,1
surfaces,1
depth,1
colorless,1
hollow,1
substance,1
character,1
sharing,1
becoming,4
cry,1
shoulder,1
commitment,1
reveal,3
instinctive,1
ah,1
instincts,1
discovering,1
janet,2
resigned,1
fairly,1
nonproductive,1
communications,1
cirumstances,1
reaching,1
sentient,1
twodimensional,2
instinctively,1
inborn,1
forces,1
discover,2
drives,1
speculate,1
based,1
awareness,1
strings,2
gravitation,1
pulling,2
moths,1
fly,1
flame,2
burning,2
barn,1
threedimensions,1
photon,1
torpedoes,1
gravitational,1
stimulusresponse,1
driven,1
moth,1
galaxy,2
senses,1
appreciated,1
rewarding,1
thankyou,1
aristocratic,1
aster,1
survived,1
jeremy,17
deceased,1
relatives,1
aunt,1
uncle,1
residing,1
alerted,1
weight,2
integral,1
everywhere,1
protected,1
mom,1
wanting,1
broken,1
guilt,1
generous,1
offer,3
sensibilities,1
touches,1
strike,1
directions,1
involve,1
ruustai,1
handled,1
delicately,1
uniqueness,1
revealed,1
rewards,1
filter,1
rocks,1
dust,1
trick,1
health,5
charge,1
wesleys,1
outsider,1
standard,1
judged,1
pulaski,1
instructing,1
shortest,1
route,1
victory,1
opponent,1
advances,1
analyzing,1
failure,1
egobruising,1
disheartening,1
mistakes,1
overreacting,1
specifics,1
conclusion,1
extrapolate,1
overanalyzing,1
clancey,1
tactical,1
crewman,1
escort,1
guest,1
fortunate,1
richness,1
diversity,1
worlds,1
tempers,1
exercise,1
rigorous,1
frustrations,1
tongs,1
awakens,1
surrounded,1
fellow,1
voyage,1
barrons,1
preliminary,1
mintakans,2
protovulcan,1
bronze,1
cultural,2
mintakan,1
sensible,1
precisely,1
services,1
kinds,1
intact,1
trade,1
cloth,1
shared,1
palmer,2
headed,1
mmmhmm,2
mmmmmm,2
liko,1
alfredo,1
juarez,3
francisca,1
baby,2
dancer,1
suitable,1
luck,1
advice,1
grow,3
peter,1
lin,1
peeples,1
gillespie,1
sighing,1
presonnel,1
disconnected,1
phrases,1
brattain,1
gotten,2
behaving,1
strangely,1
anymore,2
worfs,1
message,8
rem,2
frequency,2
twin,1
conceivable,1
debilitating,1
therapetuic,1
treament,1
dreamers,1
retain,1
circles,2
distress,2
theyd,1
kane,1
bartel,1
waiter,1
disoriented,1
following,1
seventyfive,1
historical,1
guests,1
assigning,2
counselors,1
starships,1
forty,1
pressures,1
extended,1
brossmer,1
mcdowell,1
sousa,1
bozeman,1
ordinary,1
dejavu,1
phrase,2
collision,2
collided,2
bottle,1
mustve,1
inflection,1
facial,1
awfully,1
empire,2
shuttles,1
curt,1
inspections,1
inspection,1
inconvenience,1
stunned,1
proves,1
maddox,1
anthropomorphizing,1
lian,1
tsu,1
logan,1
aggressively,1
exception,1
identical,1
ears,1
sensuality,1
happiness,2
unnecessary,1
bothers,1
shielded,1
faintly,1
sensor,3
maintenance,1
hypnosis,1
restore,1
sensation,1
gentlygently,1
specimen,1
confirms,1
reasoning,1
incorrect,1
exist,3
combination,2
cloud,1
aban,1
owes,1
money,2
collect,1
owed,1
shaken,2
arranging,1
memorial,2
deliver,2
guidance,1
completion,1
selfish,1
monopoly,1
revenge,1
codes,2
bashir,1
lopez,1
bothering,1
ignore,1
dishonor,1
deny,1
loquel,2
operational,1
centers,1
residential,1
discussing,2
underpinnings,1
dessert,1
tray,1
eat,3
main,1
purely,1
meal,1
favorites,1
peach,1
cobbler,1
tarvokian,1
powder,1
ktarian,2
puff,1
seventeen,1
varieties,1
devoted,1
stellar,1
cartography,1
biological,1
astrophysics,1
engaged,1
facets,1
desserts,1
yum,1
finished,1
multipurpose,1
extra,1
lab,1
cabin,1
adults,1
period,1
procreate,1
pleasant,1
preoccupied,1
recreation,1
spent,3
obsessed,1
food,1
testing,1
byleth,1
bland,1
warbird,1
neuropsychology,1
seminar,3
bokarasix,1
hypospray,1
spinning,1
kaleb,2
heading,1
oneohtwo,2
mark,2
anyway,2
utmost,1
secrecy,1
bringing,2
loaded,1
cargo,3
property,1
tal,8
shiar,8
undergo,1
toreth,3
bearing,1
disturbed,1
stasis,2
mret,1
highest,1
ranking,1
spocks,1
movement,1
major,2
rakal,2
corvallens,1
mercenaries,1
containers,1
smelled,1
viinerine,1
referring,1
opinion,3
loyalty,1
traitor,2
devotion,1
obedience,1
hail,1
intention,1
broad,1
discretionary,1
subcommander,4
nvek,4
authority,3
questioned,1
activate,2
cloaking,2
device,2
eighteen,1
dismiss,1
gravitic,1
nets,2
succeeding,1
plot,1
draken,2
destination,1
recognized,1
spy,1
obtained,1
cowardice,1
befit,1
area,1
detection,1
informed,1
nearby,1
dissidents,1
surgically,1
altered,1
ejected,1
outlined,1
stakes,1
squeamish,1
engagement,1
disregard,1
authorize,1
cease,1
battle,1
operations,1
typical,1
resort,1
brute,1
discretion,1
required,1
cloak,1
shields,3
fit,2
defies,1
remove,2
resists,1
regrettable,1
fired,1
upon,1
attacks,1
exaggerated,1
calmly,1
diffuse,1
inflated,1
disruptor,2
array,1
sacrificed,1
barkon,1
fallen,1
paths,1
communicating,1
confusing,1
test,4
reunion,1
catalyst,1
honestly,1
filament,1
switch,2
auxiliary,1
em,1
inverter,1
lateral,1
neodyne,1
relay,1
procedure,1
eject,1
antimatter,1
storage,1
unit,1
omega,2
encouragement,2
study,1
aft,1
secondary,1
vent,1
triple,1
redundant,1
bypass,1
junction,1
routed,2
port,1
transducer,1
matrix,1
fourteen,1
however,1
technicallyminded,1
difference,1
inducer,1
memorizing,1
manuals,1
nowin,1
load,1
qualification,1
repair,2
odn,1
crawlway,1
hesitated,1
leland,1
t,1
lynch,1
ben,1
prieto,1
pronounced,1
preeettoe,1
meaningless,1
liar,1
spirit,1
equally,1
emptiness,2
rejected,1
bens,1
pulse,2
pity,1
armus,1
needy,1
denies,1
confronted,2
daled,1
hospitable,1
sixteen,1
passengers,2
emotionally,2
anya,1
salias,1
neutral,1
zone,1
provocative,1
affected,1
yamatos,1
destruction,2
yamato,1
prudent,1
funny,1
taris,2
frustrated,1
crippled,1
brekkans,1
sobi,1
langor,1
mounting,1
perished,1
barrel,1
birds,1
wings,1
sizes,1
eric,1
bird,3
sculpture,1
flying,1
hows,3
realism,1
abstract,1
piece,2
sculpt,1
brings,1
techniques,1
amazing,1
understatement,1
somebody,1
artifact,1
sacrificial,1
buried,2
equivalent,1
multiple,1
personalities,5
awe,1
archive,2
accomplish,1
bent,1
gods,1
prominent,1
horn,1
sun,2
ascendance,1
generate,1
korganos,1
temple,1
korgano,2
masaka,1
thorough,1
dedicated,1
lofty,1
goals,1
attain,1
disappearance,1
guilty,1
manifested,1
unending,1
walks,1
diane,1
thesis,1
interspecies,1
mating,1
empirical,1
bored,1
wagners,1
phylobiology,1
participate,1
views,1
discussion,1
lifting,1
cup,1
empathically,1
froze,1
exhausting,1
lecture,1
hall,2
motionless,1
sitting,1
cells,1
metabolizing,1
rate,1
fifty,1
metabolism,1
stabilizing,1
starboard,1
decloaked,1
fields,1
blast,1
returns,1
caused,2
breach,2
sending,1
utilization,1
transported,1
singularity,1
spots,1
feedback,1
dying,1
frame,2
gravity,1
deactivated,1
warbirds,1
warp,1
moves,1
musicians,1
daren,1
obvious,2
pleases,1
nella,1
cutting,1
nicely,1
andrew,1
sweetheart,2
gladstone,1
supper,1
litter,1
cognitive,1
sufficiently,1
articulate,1
geriatric,1
definite,1
distinct,2
unquestionably,1
kate,3
canvas,1
cmo,1
resources,1
trace,1
kates,1
repulse,1
riva,2
wellliked,1
affection,1
emanating,1
flattered,1
learning,1
chorus,1
serve,2
translators,1
archetypes,1
prodding,1
distinctive,1
uncovering,1
arrived,1
handicap,1
disadvantage,1
butterfly,1
mute,1
unreachable,1
faith,1
oneself,1
tebok,1
thei,1
wright,1
limited,1
extremes,1
description,1
tender,1
developed,2
differences,1
grew,1
wider,1
intensely,1
superiority,1
exhibited,1
initiate,1
profoundly,1
somewhere,1
generations,1
progeny,1
locate,1
indianapolis,1
thomas,2
raymond,2
grandson,1
arkaria,1
therell,1
saddle,1
orton,1
distraction,1
ortons,1
waiters,1
wils,1
solo,1
priority,1
retrieve,1
stations,1
database,1
valerian,1
root,1
nineteen,1
pulses,1
unendingly,1
crystal,1
flight,1
holds,1
red,1
swollen,1
disappointed,1
exercises,1
teaching,1
kohmanara,1
gandhi,1
terraforming,1
lagana,1
abandon,2
lifelong,1
numbers,1
atalia,1
relying,1
mediation,1
efforts,1
hugh,1
ignoring,1
injustice,1
goal,1
scanners,1
mischievous,1
irreverent,1
brazen,1
rogue,1
malevolence,1
allegations,1
weddings,1
sentimental,1
warrior,1
dragon,1
fought,1
manheim,2
analyze,1
window,1
white,1
distinguish,1
coupled,1
square,1
zanza,1
mens,1
palace,1
swim,2
moonlight,1
fortyseven,1
turmoil,1
illicitly,1
channel,1
secrets,1
superiors,1
effectively,1
disobey,1
regulations,1
ohh,1
wall,1
graves,3
warm,1
rapport,1
although,1
hardly,1
reputation,1
spread,1
cherish,1
jealousy,2
unimpaired,1
addressed,1
psychotronic,1
stability,1
examination,1
graduating,1
screen,1
results,1
unbalanced,1
vain,1
paranoid,1
extreme,1
lesser,1
gobbling,1
ira,1
distract,1
month,1
entrance,1
exam,1
controlled,1
mindaltering,1
worth,1
lore,1
reboots,1
ethical,1
drawing,1
expressing,1
darker,2
jung,1
owning,1
shadow,1
actor,1
leg,1
panicked,1
lied,1
defense,1
resist,1
neurosomatic,1
fastened,1
grounded,1
sane,1
