sir,588
are,451
captain,382
we,372
will,332
no,316
my,253
they,208
this,189
your,183
what,182
am,180
was,176
but,173
there,173
me,173
commander,156
has,148
our,147
would,147
yes,138
if,125
an,122
aye,122
his,111
klingon,108
been,99
one,99
us,96
must,96
were,95
ship,94
nonspeaking,93
shields,91
him,91
all,88
here,87
computer,84
know,76
could,76
their,75
can,75
did,75
them,73
up,71
now,69
may,65
two,65
its,64
when,62
time,62
about,62
security,61
still,60
sensors,57
three,57
nd,56
why,56
take,55
then,55
more,55
being,54
voice,54
range,52
only,52
like,52
doctor,51
had,51
alexander,51
kahless,50
lieutenant,49
life,49
should,48
enterprise,48
how,48
phasers,47
power,47
perhaps,47
field,47
she,45
come,45
who,45
believe,45
or,45
ready,44
any,44
romulan,44
understand,44
down,43
father,43
something,43
so,43
wesley,42
where,42
four,42
ensign,42
beam,41
warp,40
vessel,40
honor,40
course,40
response,39
nothing,39
want,39
does,38
see,38
cannot,38
open,38
thank,37
very,37
percent,36
just,36
geordi,35
supernumeraries,35
within,35
these,35
out,34
help,34
worf,34
way,34
some,33
transporter,33
klingons,33
hailing,33
go,32
counselor,32
borg,32
another,31
people,31
warrior,31
systems,31
make,31
weapons,30
away,30
before,30
well,30
system,30
than,30
planet,29
into,29
good,29
again,29
dont,29
family,29
yet,28
bridge,28
die,28
right,28
obrien,28
phaser,28
too,27
her,27
romulans,27
five,27
aboard,27
leave,27
theyre,27
firing,27
shuttle,27
which,26
approaching,26
federation,26
need,26
point,26
human,26
data,25
man,25
never,25
mother,25
energy,25
return,25
nine,25
message,24
coming,24
going,24
forward,24
tell,24
son,24
picking,24
off,24
starfleet,24
torpedoes,24
hours,24
those,23
gone,23
mark,23
own,23
control,23
ask,23
hundred,23
signal,22
much,22
fire,22
attack,22
team,22
wish,22
get,22
over,22
matter,22
sensor,22
tractor,22
kilometers,22
deck,22
show,21
station,21
im,21
first,21
speak,21
shuttlecraft,21
quarters,21
damage,21
seconds,21
permission,21
guinan,21
reading,21
probe,21
subspace,20
officer,20
kind,20
battle,20
say,20
picard,20
other,20
found,20
holding,20
several,20
enough,20
give,20
long,20
decks,20
hailed,20
photon,19
think,19
engineering,19
told,19
back,19
visual,19
through,19
death,19
minutes,19
lost,19
frequencies,19
seven,18
riker,18
force,18
sorry,18
find,18
ships,18
duty,18
moment,18
without,18
anything,18
remember,18
request,18
room,18
done,18
new,18
possible,18
coordinates,18
difficult,17
transmission,17
please,17
receiving,17
indicate,17
continue,17
let,17
home,17
responding,17
council,17
enter,17
also,17
ferengi,17
many,17
part,17
parents,17
gowron,17
stand,17
support,17
weapon,17
hit,17
clear,17
locked,16
target,16
chief,16
said,16
surface,16
search,16
board,16
moving,16
taken,16
great,16
brother,16
readings,16
contact,16
crewmembers,16
ahead,16
set,16
learn,15
medical,15
channel,15
vessels,15
full,15
always,15
excuse,15
position,15
transport,15
starboard,15
doing,15
yourself,15
years,15
troi,15
six,15
ten,15
dishonor,15
even,15
challenge,15
thousand,15
left,15
allow,15
enemy,15
duras,15
bearing,15
information,15
last,14
toward,14
mean,14
recommend,14
space,14
sector,14
armed,14
holodeck,14
empire,14
because,14
far,14
place,14
la,14
true,14
heart,14
use,14
war,14
until,14
dead,14
made,14
stop,14
nurse,14
both,14
destroyed,14
standing,13
heading,13
mister,13
respect,13
incoming,13
longer,13
high,13
look,13
duties,13
things,13
become,13
someone,13
feel,13
saw,13
sure,13
forge,13
program,13
test,13
kill,13
able,13
fight,13
boy,13
velocity,13
hes,13
object,13
hull,13
increasing,13
impossible,13
twelve,13
command,13
distortion,13
communication,12
others,12
old,12
sickbay,12
most,12
admiral,12
cardassian,12
tried,12
each,12
children,12
attempting,12
name,12
better,12
radiation,12
lock,12
section,12
com,12
speed,12
khitomer,12
bay,11
memory,11
personal,11
torpedo,11
eight,11
put,11
reports,11
zone,11
certain,11
warbird,11
however,11
today,11
asked,11
class,11
crusher,11
begin,11
ago,11
live,11
join,11
day,11
real,11
wait,11
words,11
youre,11
alone,11
talk,11
lie,11
unusual,11
important,11
detecting,11
directly,11
face,11
proceed,11
child,11
orbit,11
appears,11
increased,11
detect,11
ive,11
seen,11
end,11
report,11
necessary,11
thirty,10
call,10
order,10
under,10
ever,10
work,10
same,10
ill,10
strong,10
night,10
deanna,10
knew,10
neutral,10
given,10
house,10
none,10
risk,10
thats,10
access,10
word,10
entered,10
explain,10
young,10
together,10
truth,10
against,10
weve,10
immediately,10
complete,10
ambassador,10
anyone,10
after,10
soon,10
wrong,10
reach,10
main,10
twenty,10
died,10
emergency,10
negative,10
intercept,10
camp,10
woman,9
interference,9
happened,9
fine,9
disturbance,9
device,9
direct,9
aft,9
fifty,9
scan,9
discuss,9
side,9
used,9
knowledge,9
port,9
came,9
thought,9
meaning,9
might,9
array,9
logs,9
aware,9
different,9
friends,9
everything,9
simply,9
inoperative,9
failing,9
returned,9
teach,9
appear,9
allowed,9
days,9
rite,9
decision,9
thing,9
remain,9
signs,9
completed,9
else,9
transfer,9
guards,9
area,9
killed,9
magnetic,9
forms,9
shield,9
meters,9
stay,9
already,9
tactical,9
second,9
cant,9
reported,9
hand,9
levels,9
looking,8
distress,8
seems,8
ro,8
cargo,8
alert,8
closing,8
bring,8
care,8
log,8
oh,8
making,8
having,8
times,8
using,8
further,8
every,8
gave,8
rather,8
ogawa,8
welcome,8
minimal,8
since,8
strength,8
warriors,8
trying,8
beyond,8
trust,8
world,8
earth,8
path,8
chance,8
storm,8
members,8
officers,8
controls,8
alive,8
answer,8
least,8
plasma,8
threat,8
sign,8
activity,8
late,8
require,8
meet,8
scans,8
launch,8
sword,8
molor,8
humans,8
colony,8
engaging,8
fully,8
enemies,8
question,8
frequency,8
blood,8
push,8
cardassians,7
beamed,7
rest,7
screen,7
casualties,7
lead,7
assist,7
appreciate,7
getting,7
starship,7
safe,7
tradition,7
while,7
easy,7
guidance,7
mind,7
felt,7
consider,7
asking,7
changed,7
everyone,7
myself,7
send,7
offline,7
form,7
structural,7
crew,7
truly,7
lies,7
received,7
tricorder,7
serve,7
beginning,7
saying,7
known,7
hear,7
presence,7
courage,7
accept,7
such,7
expect,7
lifeform,7
keep,7
choice,7
past,7
escape,7
perimeter,7
entering,7
confirmed,7
bow,7
almost,7
involved,7
between,7
powering,7
zero,7
functioning,7
faint,7
override,7
hope,7
thirteen,7
temperature,7
school,7
often,7
wanted,7
deal,7
alien,7
men,7
keiko,7
various,7
small,7
concerned,7
escort,7
dropping,7
injured,7
dangerous,7
unidentified,7
mission,7
understood,7
audio,7
knows,7
source,7
fifteen,7
less,7
intensity,7
voiceover,6
theyve,6
needed,6
women,6
scanners,6
glad,6
experience,6
feelings,6
priority,6
merely,6
mogh,6
warships,6
integrity,6
once,6
situation,6
datas,6
looks,6
watch,6
play,6
went,6
near,6
close,6
friend,6
setting,6
probes,6
fourteen,6
koroth,6
star,6
ways,6
ascension,6
ceremony,6
game,6
called,6
appeared,6
powerful,6
waiting,6
honorable,6
stars,6
reached,6
line,6
design,6
establish,6
sequence,6
communications,6
problem,6
danger,6
vicinity,6
nor,6
wishes,6
proceeding,6
forcefield,6
personnel,6
evidence,6
decloaking,6
large,6
read,6
post,6
deflector,6
nikolai,6
unable,6
approximately,6
captains,6
prisoner,6
failed,6
practice,6
becomes,6
age,6
outpost,6
dropped,6
raise,6
taught,6
fathers,6
prey,6
drop,6
sit,6
responsibility,6
among,6
fear,6
level,6
living,6
matching,6
traitor,6
around,6
records,6
disruptors,6
concern,6
normal,6
leaving,6
available,6
shall,6
effect,6
present,6
executed,6
chadich,6
atmosphere,6
located,6
distance,6
gravitational,6
eat,6
kehleyr,6
hunt,6
aster,6
acknowledged,5
few,5
strange,5
changing,5
creature,5
agree,5
signals,5
possibly,5
spread,5
doubt,5
trouble,5
quite,5
trace,5
next,5
stardate,5
trick,5
stake,5
border,5
familiar,5
turned,5
sense,5
core,5
returning,5
birthday,5
try,5
alexanders,5
attend,5
responsible,5
considered,5
says,5
change,5
party,5
goodbye,5
arrive,5
taking,5
evacuation,5
fields,5
sixteen,5
imminent,5
heritage,5
lose,5
promise,5
wants,5
restore,5
provide,5
during,5
aliens,5
future,5
listen,5
brought,5
orders,5
deflectors,5
warning,5
requests,5
hold,5
failure,5
daimon,5
engineers,5
indicated,5
person,5
apologize,5
pierce,5
tomorrow,5
shortly,5
asteroid,5
cleared,5
standard,5
superior,5
hard,5
problems,5
carry,5
wild,5
accused,5
reason,5
attempt,5
approach,5
group,5
ritual,5
captured,5
skills,5
fought,5
centuries,5
run,5
kmtar,5
maximum,5
food,5
useless,5
inside,5
totally,5
service,5
along,5
didnt,5
wont,5
females,5
talarian,5
theres,5
secure,5
scanning,5
options,5
move,5
prepared,5
continuing,5
activated,5
love,5
highly,5
location,5
planets,5
obey,5
suggest,5
handle,5
losing,5
vulcan,5
guard,5
debris,5
perform,5
twentythree,5
ms,5
later,5
minor,5
means,5
best,5
impact,5
delay,5
eyes,5
hail,5
freighter,5
cruiser,5
positive,5
supposed,5
forty,5
mate,5
starbase,5
antimatter,5
body,5
prison,5
bajoran,4
detected,4
engineer,4
yellow,4
worthy,4
cloaking,4
uncloaking,4
yamato,4
due,4
seem,4
member,4
safety,4
defenseless,4
forces,4
painting,4
cake,4
easily,4
case,4
thinking,4
prove,4
experiencing,4
loss,4
behavior,4
original,4
happen,4
primary,4
surprised,4
exactly,4
city,4
locking,4
sustained,4
minute,4
procedures,4
stories,4
explained,4
united,4
took,4
themselves,4
possess,4
light,4
shell,4
faith,4
conduct,4
traditions,4
ourselves,4
restored,4
mine,4
leader,4
ability,4
training,4
maybe,4
seek,4
special,4
scanned,4
emerging,4
link,4
cloaked,4
similar,4
fault,4
technician,4
start,4
accompany,4
prefer,4
engage,4
remains,4
discharge,4
bodies,4
head,4
grid,4
passed,4
intact,4
structure,4
academy,4
intention,4
prime,4
travel,4
quickly,4
happy,4
explosive,4
pattern,4
feeling,4
suffer,4
commanding,4
prepare,4
homeworld,4
nebula,4
himself,4
outer,4
needs,4
blade,4
blame,4
cause,4
peace,4
youve,4
talking,4
families,4
reaction,4
including,4
heavy,4
spoke,4
twentyfour,4
prisoners,4
romulus,4
shuttles,4
front,4
teams,4
stopped,4
really,4
gladly,4
broken,4
established,4
unknown,4
indicates,4
chamber,4
status,4
intruder,4
diagnostic,4
discommendation,4
offer,4
hands,4
weak,4
surely,4
quadrant,4
nurses,4
unless,4
shame,4
lifesupport,4
maintain,4
agreed,4
itself,4
per,4
locate,4
loading,4
respond,4
advantage,4
proper,4
massive,4
release,4
missing,4
reveal,4
honored,4
tricyanate,4
elements,4
rising,4
disable,4
twentyseven,4
punishment,4
informed,4
pleased,4
scent,4
hiding,4
sent,4
wavefront,4
secondary,4
baby,4
difficulty,4
century,4
deputy,4
town,4
jdan,4
investigation,4
ones,4
tarses,4
little,4
claim,4
terminated,4
probably,4
spacetime,4
lower,4
combat,4
volley,4
held,4
waste,4
jih,4
moon,4
act,4
destroy,4
uss,4
localized,4
hair,3
insure,3
signature,3
transmitting,3
intense,3
shared,3
black,3
entire,3
launching,3
equipped,3
sound,3
heard,3
communicator,3
limits,3
slightly,3
stimulating,3
wouldnt,3
traces,3
sea,3
strike,3
commanded,3
q,3
starships,3
bozeman,3
refuse,3
refused,3
monitoring,3
channels,3
match,3
drawing,3
loyalty,3
encounter,3
473912,3
won,3
resuming,3
assumed,3
relay,3
willing,3
galor,3
tournament,3
entry,3
configuration,3
imaging,3
detail,3
clothing,3
relieved,3
regarding,3
appropriate,3
relationship,3
believes,3
mated,3
alright,3
happening,3
wave,3
shifting,3
shift,3
bajorans,3
initiating,3
dinner,3
running,3
engine,3
spot,3
emissions,3
engines,3
drive,3
activating,3
breach,3
instructed,3
teachings,3
vision,3
stovokor,3
interfere,3
boreth,3
belongings,3
edge,3
questions,3
glory,3
completely,3
rituals,3
adoptive,3
spirit,3
greatest,3
clone,3
machine,3
false,3
civil,3
becoming,3
guide,3
according,3
seeing,3
result,3
mass,3
surrounding,3
victorious,3
whats,3
definitely,3
solar,3
affected,3
concentration,3
particles,3
occur,3
naturally,3
assure,3
pose,3
delicious,3
animal,3
creatures,3
seemed,3
terrible,3
considering,3
ending,3
kwans,3
acted,3
regret,3
maintenance,3
trois,3
murder,3
tachyon,3
mistake,3
vulnerable,3
hails,3
brothers,3
follow,3
rules,3
eps,3
authorization,3
disgraced,3
caves,3
perfect,3
energize,3
eleven,3
targeting,3
loaded,3
malfunction,3
detonator,3
unannounced,3
especially,3
designed,3
environmental,3
water,3
disagree,3
bluffing,3
participate,3
pass,3
tests,3
mokbara,3
anticipate,3
protest,3
fired,3
increase,3
receive,3
passes,3
begins,3
meant,3
procedure,3
ours,3
master,3
harder,3
visit,3
accepted,3
uniforms,3
except,3
yar,3
deceive,3
ineffective,3
female,3
lay,3
treaty,3
instructions,3
withdraw,3
exceeding,3
drink,3
repairs,3
harm,3
impulse,3
shut,3
major,3
turbolift,3
captors,3
sort,3
history,3
choose,3
torpedos,3
undamaged,3
science,3
blocked,3
lifeforms,3
auxiliary,3
knowing,3
monitor,3
rossa,3
qmaire,3
routing,3
requesting,3
unlikely,3
blast,3
analysis,3
explosion,3
craft,3
armament,3
optical,3
engaged,3
banks,3
seventy,3
limited,3
crossed,3
destroyer,3
targets,3
protect,3
bet,3
adjusting,3
absence,3
treason,3
bloodline,3
online,3
theyll,3
thirtyfive,3
represent,3
lived,3
born,3
legs,3
heghbat,3
served,3
comes,3
decided,3
arrival,3
passenger,3
onboard,3
electromagnetic,3
proximity,3
released,3
boys,3
neither,3
execute,3
technicians,3
bad,3
quiet,3
penetrating,3
blocking,3
calamarain,3
attacking,3
thirtysix,3
launched,3
solarion,3
low,3
type,3
jnaii,3
womans,3
cards,3
plan,3
defensive,3
destruction,3
disruptor,3
danar,3
objects,3
freely,3
charge,3
disgrace,3
million,3
table,3
designated,3
probed,3
wise,3
melona,3
cluster,3
waiter,3
enjoy,3
detained,3
morath,3
incident,3
rozhenko,3
battelh,3
arrange,3
transporters,3
desire,3
arrived,3
governor,3
disappeared,3
closer,3
centimeters,3
begun,3
urge,3
dna,3
admit,3
mrs,3
roster,3
wished,3
trial,3
negotiate,3
junior,3
damaged,3
secret,3
chips,3
sequences,3
track,3
afraid,3
bear,3
oath,3
arm,3
missile,3
sixth,3
though,3
laser,3
sections,3
viewer,3
base,3
successful,3
nice,3
fool,3
nds,3
third,3
indication,3
interesting,3
resonator,3
yessir,3
tells,3
arming,3
seventeen,3
starting,3
sealed,3
reasons,3
tea,3
contains,3
rana,3
attacked,3
survivors,3
quaice,3
unacceptable,3
quarter,3
pair,3
scissors,3
rager,3
detonation,3
jeremy,3
sacrifice,3
viewscreen,3
tong,3
juarez,3
northern,3
continuum,3
compound,3
wind,3
nacelle,3
mercenaries,3
singh,3
buried,3
mendon,3
yridian,3
containment,3
prieto,3
breaking,2
formation,2
dark,2
closed,2
retreating,2
mentioned,2
usually,2
thoughts,2
hardly,2
weakening,2
whoever,2
ease,2
odd,2
surge,2
sweep,2
platinum,2
sick,2
unfortunate,2
47988,2
nakamura,2
planning,2
stargazer,2
realize,2
ceremonial,2
forced,2
extremely,2
volatile,2
renegade,2
unlike,2
boosting,2
batleth,2
competition,2
forcas,2
champion,2
song,2
ah,2
dizzy,2
chocolate,2
gotten,2
wondering,2
closest,2
covert,2
surveillance,2
dizziness,2
earlier,2
patient,2
concussion,2
playing,2
recorded,2
curie,2
moved,2
altered,2
shouldnt,2
wife,2
married,2
container,2
romantic,2
looked,2
opposite,2
noticed,2
uniform,2
clearly,2
reality,2
state,2
occurred,2
assuming,2
works,2
inverse,2
story,2
suit,2
forgot,2
recognize,2
id,2
earthquake,2
twentytwo,2
fleming,2
initiate,2
switching,2
observe,2
carraya,2
empty,2
ancient,2
customs,2
beliefs,2
promised,2
toq,2
belief,2
awaits,2
sacred,2
torva,2
luk,2
visions,2
insight,2
pointed,2
tool,2
holographic,2
torin,2
wisdom,2
possibility,2
actually,2
warnog,2
glorious,2
proved,2
arms,2
offense,2
era,2
certainly,2
laboratory,2
fraud,2
fools,2
minds,2
lives,2
despite,2
oppose,2
unwise,2
corrupt,2
political,2
spiritual,2
matters,2
fall,2
humor,2
either,2
onto,2
estimate,2
gets,2
owe,2
remote,2
feed,2
patterns,2
wasnt,2
computers,2
cost,2
wheres,2
condition,2
respectfully,2
submit,2
takes,2
red,2
hood,2
suppose,2
orbital,2
trajectory,2
somethings,2
farpoint,2
navigational,2
operation,2
corona,2
shows,2
prytt,2
determine,2
seismic,2
modified,2
nowhere,2
mint,2
frosting,2
music,2
kwan,2
physical,2
sooner,2
short,2
ninety,2
event,2
bluff,2
apparently,2
marla,2
murderer,2
conversation,2
opened,2
door,2
obliterated,2
pulled,2
density,2
cut,2
damn,2
older,2
alike,2
growing,2
attended,2
year,2
natural,2
registered,2
directive,2
ordered,2
create,2
manner,2
gather,2
behind,2
consequences,2
shelter,2
produce,2
involve,2
yield,2
accuracy,2
delta,2
performed,2
eating,2
hungry,2
raised,2
turn,2
excused,2
length,2
pod,2
sito,2
disappoint,2
fair,2
judged,2
inevitably,2
inevitable,2
forged,2
distracted,2
fighting,2
tested,2
represents,2
burns,2
yours,2
someday,2
tyrant,2
kirok,2
gintak,2
treat,2
rude,2
forgotten,2
learning,2
committed,2
apply,2
regain,2
shaft,2
reminds,2
confident,2
induce,2
spend,2
bird,2
assassins,2
struggle,2
understanding,2
humanoid,2
injuries,2
meat,2
animals,2
fortunate,2
reads,2
solid,2
isnt,2
pick,2
chest,2
hadnt,2
visitors,2
alarm,2
remove,2
survey,2
colonists,2
electrical,2
nineteen,2
win,2
beta,2
upon,2
pride,2
crimes,2
generators,2
suffered,2
telling,2
defending,2
entity,2
mcknight,2
fading,2
suggesting,2
complain,2
individuals,2
energypulse,2
frozen,2
correction,2
doors,2
isolinear,2
reestablished,2
clearance,2
single,2
fragile,2
vanished,2
burst,2
outside,2
subsiding,2
connor,2
moira,2
infant,2
warship,2
halfway,2
males,2
confused,2
crewmember,2
center,2
penetrated,2
operable,2
capacity,2
operational,2
highest,2
attitude,2
authority,2
lysian,2
patience,2
scheduled,2
dismissed,2
betrayed,2
laugh,2
difficulties,2
dishonorably,2
elder,2
kurn,2
price,2
nearly,2
falsely,2
urged,2
innocence,2
kept,2
intervene,2
helpless,2
kellicams,2
alliance,2
beg,2
extended,2
rescued,2
loved,2
belong,2
approval,2
permanent,2
performing,2
burden,2
dignity,2
corridors,2
injury,2
interested,2
value,2
suffering,2
break,2
helpful,2
imagine,2
parent,2
tamarian,2
theirs,2
thrusters,2
fluctuating,2
particle,2
rutian,2
abduction,2
intruders,2
rescue,2
nossir,2
eighty,2
cutting,2
pursuit,2
fortyeight,2
disengaging,2
zerozeroone,2
leading,2
em,2
band,2
functions,2
accurate,2
disrupting,2
species,2
defense,2
registering,2
fooled,2
cloud,2
energetic,2
check,2
building,2
grant,2
maylota,2
code,2
archaeological,2
maintaining,2
government,2
weaponry,2
angosian,2
technology,2
pointone,2
contingent,2
overload,2
shuttlebay,2
clerk,2
flight,2
opportunity,2
arranged,2
relatives,2
generations,2
actions,2
fail,2
impress,2
kmpec,2
abandon,2
opponent,2
trap,2
silent,2
challenged,2
fortytwo,2
square,2
expected,2
concentrated,2
process,2
doesnt,2
transmit,2
powered,2
cowards,2
simple,2
lucky,2
threetwoseven,2
thermal,2
avoid,2
areas,2
substantially,2
inferior,2
crewperson,2
health,2
got,2
critical,2
current,2
arrangements,2
hello,2
remaining,2
recall,2
option,2
teachers,2
kyle,2
review,2
model,2
stole,2
concerns,2
freeze,2
requires,2
attention,2
satisfactory,2
conduits,2
cat,2
incidents,2
deformation,2
passing,2
tog,2
admirable,2
betazed,2
bradbury,2
rendezvous,2
assign,2
longrange,2
ignore,2
zalkonian,2
formidable,2
belt,2
rebels,2
vagh,2
birds,2
wavefronts,2
units,2
compensate,2
fortyseven,2
additional,2
bore,2
pregnancy,2
dilation,2
simulation,2
assisted,2
delivery,2
contraction,2
noise,2
rocha,2
morag,2
absorbed,2
specifically,2
agreement,2
intrusion,2
madam,2
inertial,2
hour,2
continues,2
evacuate,2
schedule,2
fit,2
function,2
law,2
barclay,2
arrest,2
period,2
annie,2
silence,2
hollanders,2
speaking,2
diplomatic,2
transponder,2
turning,2
buildup,2
seventytwo,2
reader,2
movements,2
diplomat,2
conspiracy,2
investigate,2
crewman,2
list,2
conducting,2
helped,2
regular,2
preserve,2
operated,2
convince,2
seventythree,2
launchers,2
goss,2
demanding,2
scooped,2
saucer,2
reduced,2
pakleds,2
caution,2
penetrate,2
gateway,2
ambush,2
suspect,2
exercise,2
questionnaires,2
dish,2
beard,2
symbol,2
holds,2
mines,2
attach,2
modifying,2
unit,2
survived,2
clutter,2
determination,2
madame,2
staggered,2
transmissions,2
resonators,2
adjust,2
valid,2
substance,2
survive,2
tracking,2
instruments,2
manual,2
tin,2
negligible,2
dip,2
kling,2
carrying,2
general,2
seventyfive,2
glin,2
attacker,2
celtris,2
image,2
bypass,2
dust,2
powers,2
following,2
disconnected,2
chasing,2
tour,2
poetry,2
oxygen,2
effects,2
seize,2
feet,2
straight,2
eye,2
individual,2
gall,2
hostile,2
contend,2
reputation,2
megawatts,2
action,2
closely,2
watched,2
earned,2
preparing,2
phoenix,2
bays,2
photons,2
enveloped,2
coupling,2
smaller,2
degrees,2
attached,2
advise,2
astern,2
total,2
ruustai,2
orphan,2
mothers,2
bonding,2
sos,2
gain,2
heavily,2
pool,2
positions,2
strategema,2
emissary,2
became,2
ktemoc,2
tlhingan,2
analyze,2
alternatives,2
prang,2
comfortable,2
weddings,2
custom,2
exterior,2
fold,2
nibpoh,2
reverse,2
free,2
comfort,2
robbed,2
showed,2
stance,2
daughter,2
studied,2
angry,2
lying,2
kala,2
caught,2
bael,2
defeat,2
battles,2
tokath,2
sake,2
crashed,2
nearing,2
number,2
gault,2
overcome,2
skin,2
eventually,2
nearby,2
controlling,2
majqa,2
pay,2
storage,2
rate,2
assumption,2
lot,2
automatically,2
roar,2
decaying,2
continent,2
iconians,2
freighters,2
sun,2
2,2
destination,2
vehicle,2
overrides,2
shes,2
graves,2
accident,2
merchant,2
atrean,1
terminating,1
maquis,1
withdrawing,1
establishment,1
repeated,1
piggyback,1
moments,1
decode,1
garbled,1
quantity,1
supplies,1
piloting,1
relayed,1
ros,1
argyle,1
manger,1
anxious,1
examined,1
microminiature,1
tools,1
grind,1
quadratanium,1
haskell,1
calisthenics,1
sessions,1
legend,1
gigantic,1
devour,1
trained,1
practical,1
confirm,1
onezero,1
hits,1
zeronine,1
twosix,1
acquainted,1
surprise,1
tactic,1
screaming,1
survival,1
acceptable,1
hmm,1
reminiscent,1
nightblooming,1
throgni,1
requested,1
sneeze,1
notify,1
pardon,1
malf,1
job,1
approve,1
hurt,1
lure,1
military,1
goodnight,1
concord,1
terix,1
cloak,1
adhere,1
regulations,1
dorsho,1
gha,1
cross,1
dispatched,1
terrellian,1
devron,1
cruisers,1
decloaked,1
tos,1
vahcha,1
dolo,1
jegh,1
collapsed,1
nacelles,1
shearing,1
anomaly,1
eject,1
conditions,1
contenders,1
maimed,1
triumphant,1
anticipating,1
troubling,1
mount,1
unexpected,1
social,1
gathering,1
haros,1
forehead,1
ridges,1
watching,1
couldnt,1
uninhabited,1
formalizing,1
arrangement,1
sohchim,1
surrogate,1
analogy,1
stepsister,1
celebration,1
ninth,1
trophy,1
reprogramming,1
downloaded,1
instincts,1
panel,1
temporarily,1
display,1
entries,1
mates,1
events,1
circumstances,1
fell,1
suddenly,1
locations,1
differences,1
connection,1
rank,1
attending,1
inquire,1
differently,1
somehow,1
quantum,1
fissure,1
charging,1
resealed,1
flappers,1
grey,1
flannel,1
gunslinger,1
finished,1
puzzle,1
picture,1
succeeding,1
passengers,1
foundation,1
vertiform,1
conductor,1
accidently,1
derailed,1
train,1
braking,1
lever,1
reconnaissance,1
supplement,1
hekaran,1
serova,1
parties,1
standingby,1
fiftythree,1
commencing,1
backups,1
restrictions,1
culture,1
discover,1
experienced,1
summon,1
followers,1
laws,1
gathered,1
yourselves,1
sky,1
possibilities,1
shape,1
shifter,1
projection,1
cave,1
purging,1
corruption,1
empirical,1
reject,1
visiting,1
hoped,1
replicators,1
justice,1
revive,1
pure,1
lift,1
cleanse,1
approved,1
welcomes,1
faced,1
tastes,1
twisted,1
created,1
genetic,1
material,1
copy,1
grew,1
tube,1
fungus,1
programmed,1
god,1
sitting,1
larger,1
facts,1
leap,1
plunge,1
decadent,1
moral,1
leadership,1
emperor,1
figurehead,1
rally,1
example,1
mold,1
rightful,1
heir,1
qapla,1
reveals,1
division,1
ordering,1
lecture,1
metaphysics,1
dwarf,1
collapse,1
tsiolkovsky,1
urgent,1
huge,1
chunk,1
blown,1
thanks,1
generates,1
limit,1
assured,1
whatever,1
winning,1
score,1
detector,1
circuits,1
grahams,1
clean,1
tremor,1
goes,1
assignment,1
checking,1
layout,1
admirals,1
remarkable,1
guess,1
bounce,1
hitting,1
bandi,1
thruster,1
interfering,1
fivehundred,1
invention,1
shock,1
nervous,1
reacted,1
gripping,1
tighter,1
examination,1
isolated,1
maurics,1
chambers,1
kes,1
commence,1
antigraviton,1
emitter,1
coil,1
interfered,1
recaptured,1
instability,1
birta,1
overloading,1
materialized,1
sending,1
workmen,1
mmm,1
cellular,1
peptide,1
bite,1
overslept,1
screeching,1
pounding,1
dissonant,1
confiscate,1
sidearm,1
ip,1
scanner,1
interphasic,1
unlocked,1
explaining,1
hed,1
napean,1
outward,1
jumped,1
calm,1
picked,1
anomalous,1
psilosynine,1
interviewed,1
coworkers,1
observed,1
contemplating,1
empathic,1
experiences,1
telepathically,1
sought,1
exist,1
nonetheless,1
corell,1
enjoying,1
company,1
particular,1
venting,1
prevent,1
degradation,1
viral,1
medicines,1
transporting,1
barson,1
measures,1
properly,1
contained,1
narrow,1
parameters,1
walter,1
supervisor,1
utopia,1
planitia,1
implied,1
played,1
poker,1
morning,1
tired,1
early,1
breakfast,1
offlimits,1
finn,1
hid,1
calloway,1
stream,1
whom,1
searching,1
encountering,1
shifts,1
resonance,1
rock,1
kilometer,1
pet,1
ahh,1
verified,1
jaradans,1
immobilized,1
insufficient,1
uncle,1
shameful,1
falling,1
fast,1
pygmy,1
cretins,1
observation,1
significant,1
caverns,1
disagreements,1
qualities,1
brilliant,1
persuasive,1
twohundred,1
traveller,1
postponed,1
deaths,1
correct,1
drain,1
concentrate,1
links,1
thetasixonenine,1
obeying,1
uphold,1
safely,1
worry,1
omen,1
travellers,1
solve,1
songs,1
girl,1
vorin,1
erase,1
shouldve,1
acts,1
wherever,1
chaos,1
awake,1
disobedient,1
weep,1
malfunctions,1
argument,1
boraalan,1
usual,1
treated,1
dobara,1
tents,1
storms,1
youd,1
chronicle,1
enhanced,1
zerozerofive,1
threeoneseven,1
ninefour,1
veered,1
diagnostics,1
caviar,1
lunch,1
reset,1
hot,1
bath,1
telepaths,1
uneasy,1
ops,1
recommended,1
herself,1
advanced,1
giktal,1
excuses,1
replace,1
blindfold,1
unfairly,1
bruises,1
distressed,1
luck,1
sweeps,1
telemetry,1
tempered,1
foolishness,1
challenging,1
kortova,1
candle,1
declaring,1
affairs,1
klingtons,1
festival,1
kotbaval,1
nearer,1
vodrey,1
otak,1
turo,1
noktar,1
begot,1
hoshar,1
tenot,1
molors,1
tyranny,1
money,1
somewhere,1
advisor,1
trusted,1
attackers,1
dagger,1
unanswered,1
disrespectfully,1
pointing,1
undergoing,1
grateful,1
patched,1
kohmanara,1
block,1
combination,1
kohbala,1
pivot,1
pakara,1
thrust,1
week,1
balance,1
crust,1
machinery,1
sisters,1
disregard,1
ogat,1
belongs,1
fitness,1
vote,1
freedom,1
turns,1
kilograms,1
bears,1
crest,1
tarnish,1
rusted,1
girnak,1
tovosor,1
ptak,1
final,1
mustnt,1
peacemaker,1
glimpse,1
sons,1
destiny,1
happens,1
decide,1
hell,1
plenty,1
shares,1
cooking,1
bases,1
otherwise,1
theory,1
moebius,1
twist,1
fabric,1
loop,1
vortex,1
raising,1
effort,1
preferred,1
omelet,1
wearing,1
vicious,1
flimflam,1
fulfilled,1
haven,1
miller,1
wedding,1
magnification,1
whisper,1
transmitted,1
guessing,1
surprises,1
fairly,1
unpacked,1
theta,1
beings,1
machines,1
mere,1
illusions,1
surfaces,1
turbolifts,1
las,1
vegas,1
curiosities,1
kitchens,1
necheyev,1
unwelcome,1
confinement,1
southwestern,1
village,1
discreet,1
population,1
laying,1
terms,1
indians,1
atmospheric,1
turbulence,1
pockets,1
below,1
freezing,1
gravity,1
buckling,1
photosphere,1
heghta,1
stabilizers,1
oversee,1
plans,1
lankal,1
pack,1
forbid,1
challenges,1
above,1
valued,1
opposed,1
trade,1
loyalties,1
rooms,1
ruled,1
spared,1
distorting,1
stun,1
settings,1
possessions,1
throughout,1
jatyin,1
essex,1
shumar,1
disembodied,1
mad,1
idea,1
ohsevenhundred,1
seronians,1
reactivated,1
alkar,1
paxan,1
distortions,1
functional,1
ttauri,1
discomfort,1
ordinary,1
wrist,1
emitted,1
dispersed,1
amplitude,1
unaffected,1
kopf,1
crawlways,1
subprocessor,1
extends,1
threepointfive,1
j14baker,1
backs,1
operative,1
fix,1
tasha,1
companionship,1
crewmates,1
fluctuated,1
momentarily,1
investigator,1
krag,1
tanugan,1
thirtynine,1
youths,1
militia,1
photos,1
voices,1
woden,1
ancilary,1
comrades,1
achieve,1
endar,1
directions,1
worth,1
jeremiah,1
converging,1
rockets,1
pods,1
originated,1
mouth,1
discernable,1
network,1
jump,1
conclusions,1
decorated,1
select,1
representative,1
working,1
accessing,1
combatready,1
currently,1
resources,1
recent,1
unwarranted,1
radio,1
manuevers,1
central,1
battleships,1
apologies,1
sometimes,1
effective,1
grown,1
weary,1
expose,1
split,1
instead,1
chose,1
installation,1
laughing,1
succession,1
acting,1
feels,1
grasp,1
throat,1
restoration,1
gained,1
massacre,1
tie,1
squadrons,1
pledged,1
hidden,1
disengaged,1
grave,1
conspired,1
victors,1
klingonromulan,1
fundamental,1
interests,1
resign,1
commission,1
sides,1
cry,1
civilians,1
techician,1
doctors,1
civilian,1
medics,1
suits,1
sixes,1
restraining,1
bed,1
muscles,1
atrophy,1
agreeing,1
paralysis,1
favor,1
pity,1
brave,1
sixty,1
mobility,1
lurching,1
halfklingon,1
ridicule,1
disgust,1
struggling,1
implants,1
undergo,1
cared,1
elderly,1
serious,1
guiding,1
lefler,1
copilot,1
male,1
office,1
threatening,1
contest,1
champions,1
positron,1
electron,1
ninefive,1
propulsion,1
disrupted,1
barely,1
land,1
confidence,1
scattering,1
stalemate,1
variable,1
induction,1
erratic,1
appearing,1
disappearing,1
fails,1
tamarians,1
lifesigns,1
emitters,1
fiftytwo,1
maneuver,1
rutians,1
plaza,1
police,1
ansata,1
terrorists,1
devices,1
intended,1
twoonezero,1
onefiveone,1
drained,1
cent,1
latching,1
breached,1
ninepointfour,1
ninepointsix,1
terran,1
defenses,1
retuned,1
spanning,1
upper,1
inconclusive,1
pleasure,1
restrain,1
bragging,1
violist,1
origin,1
shelia,1
weeks,1
distant,1
sheliak,1
corporate,1
hopeless,1
preferable,1
gleason,1
adapters,1
unusually,1
eddy,1
currents,1
twozerozero,1
twooneone,1
accomplished,1
mars,1
halted,1
generation,1
charged,1
nonexistent,1
rapidly,1
delighted,1
walk,1
disappear,1
activate,1
threefourone,1
twozero,1
organized,1
speaker,1
tachyons,1
added,1
harmonics,1
output,1
repelled,1
overpowered,1
penetration,1
unscheduled,1
breel,1
defend,1
admits,1
dozens,1
attacks,1
fears,1
reprisal,1
implicate,1
capabilities,1
grids,1
misc,1
mans,1
bother,1
deploying,1
buoys,1
null,1
transpired,1
meeting,1
cover,1
genome,1
12yearold,1
pianist,1
initiated,1
asylum,1
save,1
opera,1
theme,1
aktuh,1
maaaylota,1
coded,1
employ,1
crossing,1
onefourthree,1
escorting,1
envoy,1
spock,1
announcement,1
attractive,1
12,1
prisonersveterans,1
10,1
officials,1
minister,1
angosians,1
build,1
activation,1
virtually,1
simultaneous,1
interval,1
seal,1
shuttlebays,1
pressure,1
cunning,1
escaped,1
volunteered,1
tech,1
asteroidal,1
pointohthree,1
nature,1
satisfaction,1
demonstration,1
deception,1
offends,1
satisfy,1
curiosity,1
aiding,1
abetting,1
rival,1
insist,1
chosen,1
assume,1
sins,1
proven,1
spoken,1
forsaken,1
aside,1
kutluch,1
assassin,1
hearing,1
brute,1
asset,1
conflicts,1
shrewd,1
forceful,1
treachery,1
coward,1
ghojmok,1
judge,1
guilty,1
fed,1
dogs,1
purpose,1
damato,1
tenforward,1
fajo,1
promotion,1
crewmate,1
commonplace,1
yars,1
contamination,1
parts,1
west,1
hytritium,1
disbursement,1
faster,1
grams,1
cubic,1
centimeter,1
higher,1
normally,1
curious,1
neutralization,1
occuring,1
crystals,1
affirmative,1
lya,1
reply,1
reentered,1
territory,1
permit,1
logistics,1
credentials,1
spy,1
spies,1
tarvokian,1
pound,1
onefivetwo,1
isolate,1
unfortunately,1
public,1
heat,1
capability,1
martin,1
davis,1
kellers,1
fearful,1
iresine,1
syndrome,1
ullians,1
quarantine,1
indicating,1
brechtian,1
skullfaced,1
exciting,1
smiling,1
knocked,1
lamp,1
liar,1
teacher,1
enrolling,1
reschedule,1
accusing,1
stealing,1
lizard,1
horrible,1
bond,1
lied,1
younger,1
nights,1
steal,1
falsehood,1
remedied,1
error,1
repeat,1
jadar,1
fatalities,1
bilana,1
dealing,1
firm,1
lessons,1
disobedience,1
disapprove,1
misconduct,1
abandoned,1
argued,1
environment,1
thirtythree,1
dissatisfied,1
steps,1
remedy,1
fluctuations,1
beams,1
biolab,1
firesuppression,1
apparatus,1
schools,1
thorne,1
van,1
mayter,1
pursue,1
relationships,1
conquer,1
dsora,1
serves,1
mistreated,1
displeased,1
puzzled,1
detectable,1
bioelectric,1
residuals,1
hoqjoh,1
decompression,1
thirtyseven,1
maneuverable,1
handled,1
skillfully,1
homn,1
departure,1
informs,1
lwaxana,1
expecting,1
justify,1
mutiny,1
nobody,1
speaks,1
recently,1
exchanged,1
synthehol,1
relax,1
tutoring,1
learns,1
identify,1
booth,1
step,1
answering,1
comparable,1
sunad,1
ikalian,1
kell,1
disloyal,1
assistance,1
motives,1
signaled,1
hutchinson,1
affect,1
previously,1
explored,1
difference,1
steadily,1
g,1
reflected,1
distorted,1
magnitude,1
overpressure,1
pathways,1
factor,1
sharp,1
pain,1
bone,1
uncommon,1
months,1
contractions,1
apart,1
phase,1
onset,1
labor,1
computerized,1
congratulations,1
dilated,1
birth,1
stage,1
orderly,1
uncontrollable,1
gently,1
firmly,1
smack,1
breathing,1
torak,1
boarded,1
mistakes,1
lobe,1
vos,1
deliberately,1
conflict,1
tubes,1
emanating,1
materials,1
soiled,1
garment,1
reprocessor,1
bribery,1
yell,1
contract,1
unreasonable,1
sanctioned,1
intermittent,1
damping,1
breaks,1
obligations,1
listened,1
obeyed,1
wonder,1
fivepointseven,1
henchman,1
townsfolk,1
piano,1
player,1
interrupt,1
consult,1
hoping,1
bikos,1
staging,1
shipwide,1
drills,1
planned,1
tentative,1
checks,1
extra,1
enforcement,1
wrote,1
apprehend,1
committing,1
homicide,1
appeal,1
thief,1
rights,1
refer,1
durango,1
temporary,1
amounts,1
currency,1
earths,1
evening,1
considerate,1
negligent,1
firewine,1
hollander,1
criminals,1
safeguards,1
character,1
witnessed,1
witnesses,1
abducted,1
bank,1
systematic,1
reconsidered,1
exchange,1
rain,1
barrel,1
saloon,1
bullets,1
excellent,1
debt,1
unstable,1
deadwood,1
sheriff,1
messages,1
answered,1
rewriting,1
claiming,1
genius,1
version,1
mention,1
federations,1
rise,1
adjutant,1
delegation,1
bijik,1
tripoli,1
marker,1
sixtyeight,1
managed,1
inform,1
slow,1
issue,1
attachment,1
pursuing,1
transferred,1
jdans,1
fitted,1
specially,1
extract,1
digital,1
encode,1
aminoacid,1
fluid,1
syringe,1
injects,1
carried,1
bloodstream,1
inert,1
proteins,1
tracked,1
traced,1
tarkanian,1
cruces,1
injections,1
chip,1
transform,1
biological,1
strongly,1
motivated,1
interviews,1
bailey,1
marcus,1
coordinate,1
kellogg,1
associates,1
encephalographic,1
polygraph,1
simon,1
admitted,1
guilt,1
grandfather,1
bothering,1
henry,1
hearings,1
satie,1
believed,1
yesterday,1
zeroonezero,1
offend,1
earn,1
victory,1
acknowledge,1
collaborating,1
ultimately,1
withdrew,1
poison,1
outsider,1
insisted,1
humiliation,1
outcast,1
traitors,1
kathless,1
unforgettable,1
belonged,1
incensed,1
disruptive,1
investigations,1
insightful,1
fortunately,1
thorough,1
bomb,1
moleculardecay,1
demonstrate,1
onefourtwo,1
boundaries,1
deserve,1
miss,1
caldonian,1
leyor,1
wormhole,1
opening,1
m,1
slicing,1
twentyeight,1
eighteen,1
gaining,1
effectiveness,1
reestablishing,1
sonya,1
anesthesiologist,1
orderlies,1
mayday,1
rhomboid,1
dronegar,1
zerozerosix,1
shipunidentifieddistress,1
deploy,1
tactically,1
choices,1
multiple,1
stuns,1
stands,1
initiative,1
classified,1
share,1
attain,1
awareness,1
indeed,1
heroic,1
salvation,1
reactor,1
jammed,1
spoils,1
wasted,1
ambushes,1
bathed,1
chorgans,1
turkanans,1
coalition,1
pah,1
accuse,1
arcos,1
transmitter,1
violent,1
lawless,1
rape,1
gangs,1
detectors,1
manu,1
ransom,1
demand,1
promises,1
denials,1
turkana,1
mute,1
diversion,1
draw,1
triggered,1
picards,1
archeology,1
troop,1
menatarms,1
executioner,1
castle,1
servants,1
court,1
granted,1
merry,1
qs,1
amusement,1
scientists,1
hate,1
22nd,1
depth,1
calculations,1
drilling,1
earthquakes,1
eruptions,1
rerouted,1
taps,1
explosives,1
fashion,1
motion,1
dines,1
maam,1
reklar,1
capabilites,1
ejected,1
containers,1
hulls,1
receiver,1
assemblies,1
crash,1
unconscious,1
reactivate,1
decius,1
unauthorized,1
initiator,1
uh,1
woof,1
targeted,1
posture,1
vectors,1
davies,1
hildebrant,1
alans,1
intelligence,1
artificial,1
occurring,1
degree,1
absolute,1
casings,1
burrowing,1
beneath,1
communicators,1
dysfunctional,1
beamup,1
interrogated,1
objection,1
busy,1
forgive,1
lifeblood,1
murdered,1
cells,1
transfusion,1
threefiftyfour,1
twoeightseven,1
ignoring,1
acknowledgement,1
docking,1
clamps,1
secured,1
desoto,1
register,1
ionized,1
preceding,1
distruptors,1
recloaked,1
partial,1
uncloaked,1
thrown,1
christy,1
leah,1
brahms,1
promellian,1
toys,1
posts,1
readouts,1
bombarded,1
interferes,1
substantial,1
twoone,1
fourtwo,1
assimilator,1
herbert,1
big,1
fish,1
tez,1
mrot,1
weilz,1
konpadam,1
tribe,1
ares,1
potential,1
hero,1
riddles,1
mood,1
trifling,1
games,1
tries,1
dahjaj,1
suvwie,1
tigwij,1
saangnis,1
iw,1
biqtiqdaq,1
jijah,1
river,1
jibechrup,1
vilos,1
crave,1
hihivqa,1
bile,1
vanquished,1
flows,1
maypequ,1
moh,1
admiration,1
eternal,1
gratitude,1
montgomery,1
briefing,1
specialist,1
analytical,1
kareel,1
alyssa,1
taggerts,1
limb,1
claims,1
emissaries,1
trill,1
host,1
gamelan,1
mining,1
settlement,1
pentarus,1
miners,1
joining,1
felton,1
forget,1
pointfour,1
blue,1
dress,1
oneohthree,1
ohtwofour,1
sixtyfour,1
corak,1
tajor,1
feynman,1
metagenics,1
conquered,1
undetected,1
bats,1
heights,1
doubtful,1
suffice,1
echo,1
hatch,1
magnetically,1
ionization,1
fraction,1
invisible,1
guerilla,1
fate,1
cavern,1
ventaxians,1
aides,1
sentries,1
3,1
workers,1
n,1
d,1
ventax,1
hostage,1
feklhr,1
april,1
anaya,1
linda,1
larson,1
brower,1
collision,1
sufficent,1
protection,1
withdrawal,1
protected,1
disconnect,1
upgrades,1
supply,1
calibration,1
thankyou,1
inappropriate,1
correspondence,1
signalled,1
midst,1
repair,1
disrespectful,1
commanders,1
reserved,1
sleep,1
rokeg,1
pie,1
sergey,1
helena,1
insult,1
childhood,1
ailment,1
humiliating,1
protecting,1
deadly,1
bravery,1
mortality,1
reminder,1
achieves,1
fullest,1
flower,1
artifical,1
lowered,1
flares,1
automated,1
flames,1
consumed,1
suffocated,1
obtain,1
spiritous,1
liquors,1
dispensers,1
alcohol,1
deleterious,1
chechtluth,1
career,1
clones,1
darkness,1
sings,1
gift,1
bower,1
hearts,1
translate,1
beverly,1
erics,1
girlfriend,1
stellar,1
vector,1
breakdown,1
refuses,1
sterilized,1
processors,1
gamma,1
extermination,1
alternative,1
universal,1
translator,1
greater,1
vehicles,1
operating,1
south,1
north,1
lowyield,1
nonfunctional,1
frontroom,1
incapacitate,1
nonfunctioning,1
unmitigated,1
admire,1
ranian,1
determined,1
andorians,1
thoroughness,1
jacketed,1
streams,1
positrons,1
antiprotons,1
equivalent,1
firepower,1
gigawatts,1
superficial,1
reassembling,1
internal,1
spacecraft,1
evasive,1
kevin,1
rishon,1
handsome,1
race,1
graceful,1
countenance,1
dalen,1
deckbydeck,1
hickman,1
forges,1
absorption,1
spectrum,1
sensitive,1
dismantle,1
maxwell,1
frankly,1
incursions,1
habitat,1
rounds,1
detonating,1
tensecond,1
intervals,1
reconfiguration,1
clemens,1
triolic,1
lurin,1
berik,1
morta,1
molly,1
fore,1
brel,1
twentysix,1
update,1
estimated,1
brand,1
private,1
townspeople,1
relative,1
lowlevel,1
nucleonic,1
residual,1
trimmed,1
distinct,1
elevated,1
platform,1
inclined,1
decrease,1
tables,1
incline,1
top,1
scissorlike,1
armature,1
grip,1
metal,1
curved,1
inward,1
jagged,1
hagler,1
homing,1
pavlik,1
conform,1
childs,1
delight,1
starts,1
offspring,1
react,1
volume,1
fortysix,1
movement,1
twofiveseven,1
onesixone,1
accelerating,1
color,1
vast,1
convinced,1
ghost,1
indeterminant,1
distribution,1
string,1
tunnel,1
traps,1
brunt,1
revenge,1
senseless,1
victim,1
counsel,1
hopethatsomeday,1
bind,1
hopes,1
grieve,1
celebrate,1
releasing,1
headed,1
await,1
batlh,1
soh,1
honors,1
bonded,1
stronger,1
reputations,1
zakdorn,1
perception,1
finishing,1
guile,1
wagered,1
plateau,1
irritated,1
actuation,1
enterprises,1
project,1
anywhere,1
counter,1
talupian,1
stratagem,1
instrument,1
sighting,1
clancey,1
zerofive,1
twothreeone,1
eightytwo,1
abeam,1
assigned,1
professional,1
pointless,1
fantasies,1
appearance,1
library,1
foolish,1
interrupted,1
solution,1
arent,1
declared,1
recess,1
backup,1
equipment,1
relaxed,1
jokes,1
observant,1
noted,1
unaware,1
lacked,1
commitment,1
solemnize,1
union,1
pledge,1
forever,1
devotion,1
commendable,1
belated,1
demanded,1
surrender,1
halt,1
brain,1
stuck,1
slumber,1
tolerate,1
insubordination,1
ignorance,1
twentyfourth,1
chair,1
relieve,1
disturbs,1
barron,1
mintaka,1
alfredo,1
francisca,1
dancer,1
dancing,1
crying,1
text,1
autosequencers,1
adelphous,1
realigning,1
umbato,1
broke,1
ribs,1
murasaki,1
quasar,1
peter,1
lin,1
peeples,1
gillespie,1
sighing,1
presonnel,1
lujpu,1
jihe,1
alexandrijn,1
kane,1
bartel,1
hemisphere,1
composed,1
carbonneutronium,1
brossmer,1
mcdowell,1
sousa,1
patients,1
bulkheads,1
centers,1
solemn,1
dignified,1
praised,1
bajorn,1
chant,1
joyful,1
mourn,1
jack,1
timebase,1
confirms,1
chronometers,1
identifies,1
soyuz,1
escaping,1
spear,1
tilling,1
soil,1
jailer,1
dishonored,1
sadness,1
invented,1
underworld,1
breathe,1
tall,1
wider,1
basis,1
armor,1
dk,1
tahg,1
rust,1
jinaq,1
forbidden,1
lifeless,1
threw,1
ocean,1
wept,1
filled,1
tears,1
flooded,1
shore,1
begged,1
weeping,1
walked,1
truths,1
obscenity,1
treacherous,1
deceitful,1
cowardly,1
thousands,1
massacred,1
upset,1
qavak,1
hones,1
skill,1
aim,1
throw,1
condemned,1
angered,1
incited,1
execution,1
farewell,1
netherworld,1
dawn,1
lkor,1
shifted,1
upwind,1
breeze,1
achievement,1
define,1
grow,1
identity,1
denied,1
eloquent,1
origins,1
appreciable,1
yadalla,1
draken,1
finally,1
hyralan,1
opinions,1
differed,1
jeopardized,1
friendship,1
overlook,1
toronclass,1
interrogate,1
koral,1
gives,1
inspections,1
download,1
generating,1
abnormal,1
signatures,1
novel,1
attained,1
stature,1
lian,1
tsu,1
logan,1
correlate,1
bolts,1
compute,1
optimum,1
laid,1
missed,1
reserve,1
separation,1
readiness,1
faulty,1
careful,1
commits,1
crime,1
dies,1
wed,1
console,1
repaired,1
helm,1
youll,1
zerosevenzero,1
emanate,1
radioactive,1
batris,1
strategy,1
guests,1
mock,1
anger,1
kindness,1
rubble,1
inclusion,1
foster,1
hated,1
stayed,1
rule,1
dreams,1
bulk,1
exceptional,1
hostages,1
address,1
komgi,1
bimogus,1
english,1
plead,1
punished,1
fires,1
soul,1
longs,1
halee,1
tied,1
dilithium,1
crystal,1
comply,1
weaknesses,1
talked,1
conquest,1
legends,1
write,1
polite,1
zegov,1
replacement,1
retirement,1
assassinate,1
successfully,1
omnidirectional,1
precaution,1
efficiency,1
language,1
pagh,1
automatic,1
dorsal,1
fin,1
instruct,1
etiquette,1
ninethreefive,1
sixonethree,1
designate,1
visited,1
ruins,1
nafir,1
impregnated,1
sister,1
latinum,1
offset,1
chekote,1
twotwentyseven,1
transported,1
levelone,1
sites,1
looted,1
mercenary,1
rikers,1
codes,1
ayeaye,1
bashir,1
shop,1
twentyfive,1
spreading,1
lopez,1
assignments,1
listed,1
inaccurate,1
promenade,1
approached,1
sell,1
claimed,1
fights,1
selling,1
partake,1
spent,1
lava,1
revelation,1
checked,1
capable,1
foliage,1
dense,1
withhold,1
profit,1
letting,1
scar,1
procrastinate,1
situations,1
wear,1
ridiculous,1
dresses,1
byleth,1
temperamental,1
ohfive,1
encompass,1
facility,1
houses,1
exact,1
bare,1
neck,1
reassignment,1
iyaarans,1
irritating,1
arrogant,1
reasoned,1
insane,1
pile,1
cheating,1
insulting,1
pompous,1
disembowel,1
excruciating,1
centurion,1
deceived,1
fluctuate,1
crawlway,1
leland,1
t,1
lynch,1
ben,1
pronounced,1
preeettoe,1
routine,1
deep,1
obstacles,1
martial,1
arts,1
competitor,1
favored,1
deeper,1
probing,1
goal,1
accomplish,1
approaches,1
increases,1
chart,1
reaches,1
twoohfive,1
parallel,1
meets,1
lures,1
hurl,1
claw,1
ducks,1
protector,1
anya,1
transforms,1
restricted,1
remainder,1
voyage,1
beamdown,1
encoded,1
carrier,1
iconian,1
williams,1
yamatos,1
seals,1
understandable,1
deficiency,1
cities,1
consistent,1
largescale,1
bombardment,1
mountains,1
projectile,1
resident,1
scenes,1
images,1
illusion,1
gate,1
confines,1
conquerors,1
deciphering,1
cycle,1
record,1
discovered,1
xray,1
intercepted,1
deteriorate,1
disintegration,1
disintegrating,1
wide,1
dispersal,1
terminate,1
comets,1
aqueduct,1
configure,1
insidious,1
disarmed,1
suggests,1
antlers,1
horns,1
masakas,1
masaka,1
korgano,1
compressed,1
teryon,1
grade,1
assistant,1
astrophysics,1
holt,1
raman,1
descending,1
musicians,1
bersallis,1
populated,1
assistants,1
kids,1
obviously,1
safest,1
fetus,1
aborted,1
panelcomputer,1
lantree,1
twentyyear,1
codename,1
firestorm,1
ad,1
threethreetwofournine,1
autodestruct,1
infected,1
styrolites,1
decontamination,1
isolation,1
solari,1
quality,1
poor,1
ceased,1
technique,1
useful,1
kazis,1
binary,1
heres,1
journey,1
intelligent,1
galaxy,1
untouched,1
greatly,1
overmatched,1
hostilities,1
stations,1
allies,1
unworthy,1
consideration,1
baryon,1
administrator,1
orton,1
hutchinsons,1
reception,1
locker,1
saddle,1
waiters,1
fused,1
replaced,1
double,1
professor,1
galens,1
onscreen,1
yridians,1
blocks,1
consuming,1
global,1
rahmizad,1
ohniaka,1
orbiting,1
wounds,1
caused,1
forcedplasma,1
seventyfour,1
fallen,1
comrade,1
berlin,1
dampers,1
disabled,1
fluctuation,1
sixtyseven,1
limiting,1
recording,1
ninezero,1
hole,1
threeninefivesix,1
zeronineone,1
minimum,1
inconsistent,1
routes,1
pretense,1
permitted,1
add,1
supervise,1
overtaking,1
blow,1
scratch,1
swat,1
mosquitoes,1
thadiun,1
okona,1
crafts,1
pegos,1
failsafe,1
monster,1
swimming,1
bathing,1
frigates,1
tryla,1
scott,1
thomas,1
paine,1
rixx,1
attempts,1
ignored,1
flotsam,1
judging,1
amount,1
wreckage,1
horatio,1
initial,1
gravesworld,1
unfocused,1
directed,1
mary,1
rogers,1
ferry,1
settlers,1
colonies,1
suggestion,1
dr,1
earliest,1
slingshot,1
stricken,1
liner,1
thus,1
insulted,1
ohhh,1
unhealthy,1
relva,1
7,1
disturbed,1
testing,1
frighten,1
psych,1
wastes,1
creates,1
analyzing,1
psychological,1
profile,1
depend,1
required,1
decay,1
lore,1
insists,1
geography,1
ducts,1
detention,1
wounded,1
research,1
occupied,1
southwest,1
apparel,1
common,1
tilonian,1
pendant,1
circuit,1
posing,1
nisroh,1
traditional,1
bartering,1
prowess,1
intend,1
enhancer,1
geordi,35
nonspeaking,93
nd,56
supernumeraries,35
atrean,1
phasers,47
are,451
locked,16
target,16
standing,13
terminating,1
beam,41
acknowledged,5
no,316
response,39
yet,28
sir,588
cardassians,7
shields,91
down,43
thirty,10
percent,36
we,372
within,35
weapons,30
range,52
yes,138
maquis,1
breaking,2
formation,2
they,208
withdrawing,1
looking,8
bajoran,4
woman,9
dark,2
hair,3
if,125
learn,15
she,45
has,148
been,99
here,87
this,189
establishment,1
will,332
closed,2
distress,8
call,10
being,54
repeated,1
captain,382
computer,84
detected,4
piggyback,1
communication,12
last,14
signal,22
take,55
few,5
moments,1
message,24
difficult,17
decode,1
interference,9
garbled,1
much,22
transmission,17
but,173
seems,8
lieutenant,49
ro,8
quantity,1
medical,15
supplies,1
was,176
beamed,7
out,34
cargo,8
bay,11
seven,18
order,10
insure,3
ship,94
commander,156
riker,18
piloting,1
does,38
come,45
under,10
fire,22
relayed,1
its,64
warp,40
signature,3
rest,7
our,147
attack,22
force,18
ros,1
retreating,2
others,12
heading,13
toward,14
us,96
wesley,42
chief,16
engineer,4
argyle,1
memory,11
all,88
what,182
happened,9
them,73
data,25
manger,1
were,95
ever,10
anxious,1
please,17
where,42
examined,1
some,33
microminiature,1
work,10
tools,1
then,55
fine,9
grind,1
quadratanium,1
strange,5
show,21
mister,13
transmitting,3
subspace,20
channel,15
now,69
ready,44
mentioned,2
changing,5
mean,14
transporter,33
haskell,1
voiceover,6
voice,54
usually,2
my,253
calisthenics,1
more,55
intense,3
those,23
sessions,1
too,27
personal,11
shared,3
coming,24
gone,23
recommend,14
go,32
yellow,4
alert,8
sorry,18
thoughts,2
an,122
old,12
klingon,108
legend,1
gigantic,1
black,3
space,14
creature,5
which,26
said,16
devour,1
entire,3
vessels,15
agree,5
these,35
hardly,2
worthy,4
trained,1
practical,1
security,61
officer,20
launching,3
photon,19
torpedo,11
confirm,1
receiving,17
signals,5
any,44
kind,20
sensors,57
indicate,17
disturbance,9
sector,14
onezero,1
eight,11
possibly,5
vessel,40
equipped,3
cloaking,4
device,9
closing,8
uncloaking,4
direct,9
hits,1
weakening,2
theyve,6
armed,14
another,31
full,15
spread,5
there,173
approaching,26
zeronine,1
one,99
mark,23
twosix,1
screen,7
am,180
acquainted,1
yamato,4
aft,9
station,21
their,75
bridge,28
when,62
doubt,5
surprise,1
whoever,2
may,65
still,60
tactic,1
sound,3
heard,3
screaming,1
help,34
nothing,39
communicator,3
should,48
continue,17
same,10
ease,2
let,17
me,173
put,11
up,71
sickbay,12
battle,20
survival,1
fifty,9
casualties,7
acceptable,1
limits,3
odd,2
surge,2
power,47
can,75
lead,7
team,22
sweep,2
holodeck,14
find,18
doctor,51
bring,8
her,27
thank,37
ill,10
assist,7
needed,6
klingons,33
appreciate,7
strong,10
women,6
trouble,5
hmm,1
slightly,3
reminiscent,1
nightblooming,1
throgni,1
home,17
quite,5
stimulating,3
wouldnt,3
say,20
picard,20
away,30
requested,1
scan,9
planet,29
surface,16
traces,3
platinum,2
aye,122
think,19
sneeze,1
only,52
know,76
scanners,6
trace,5
notify,1
pardon,1
engineering,19
reports,11
malf,1
im,21
getting,7
sick,2
respect,13
other,20
people,31
job,1
glad,6
approve,1
always,15
found,20
sea,3
night,10
most,12
experience,6
very,37
deanna,10
perhaps,47
before,30
next,5
time,62
discuss,9
wish,22
would,147
unfortunate,2
going,24
want,39
hurt,1
his,111
feelings,6
stardate,5
47988,2
incoming,13
admiral,12
nakamura,2
priority,6
due,4
knew,10
romulan,44
trick,5
lure,1
ships,18
into,29
neutral,10
zone,11
excuse,15
military,1
strike,3
federation,26
stake,5
understand,44
romulans,27
planning,2
seem,4
care,8
certain,11
man,25
who,45
commanded,3
stargazer,2
goodnight,1
q,3
starships,3
concord,1
bozeman,3
holding,20
position,15
side,9
warbird,11
terix,1
responding,17
good,29
see,38
again,29
must,96
realize,2
longer,13
member,4
high,13
council,17
merely,6
ceremonial,2
given,10
house,10
mogh,6
forced,2
refuse,3
your,183
own,23
safety,4
extremely,2
volatile,2
had,51
starship,7
cloak,1
safe,7
cannot,38
believe,45
refused,3
first,21
duty,18
empire,14
adhere,1
regulations,1
dorsho,1
gha,1
used,9
knowledge,9
honor,40
tradition,7
get,22
well,30
cross,1
border,5
familiar,5
monitoring,3
channels,3
several,20
warships,6
dispatched,1
search,16
renegade,2
five,27
terrellian,1
transport,15
devron,1
system,30
two,65
cruisers,1
decloaked,1
port,9
starboard,15
match,3
tos,1
vahcha,1
worf,34
dolo,1
jegh,1
collapsed,1
defenseless,4
enterprise,48
drawing,3
turned,5
came,9
none,10
unlike,2
sense,5
loyalty,3
boosting,2
field,47
integrity,6
nacelles,1
encounter,3
shearing,1
forces,4
once,6
enter,17
anomaly,1
eject,1
core,5
cardassian,12
log,8
473912,3
returning,5
batleth,2
competition,2
forcas,2
three,57
conditions,1
contenders,1
maimed,1
triumphant,1
won,3
champion,2
look,13
forward,24
resuming,3
duties,13
aboard,27
however,11
anticipating,1
troubling,1
situation,6
oh,8
today,11
birthday,5
because,14
assumed,3
or,45
try,5
mount,1
unexpected,1
social,1
gathering,1
song,2
ah,2
painting,4
haros,1
doing,15
datas,6
making,8
dizzy,2
thought,9
cake,4
chocolate,2
alexanders,5
forehead,1
ridges,1
warrior,31
watching,1
him,91
while,7
told,19
couldnt,1
attend,5
enough,20
uninhabited,1
could,76
easily,4
relay,3
counselor,32
moment,18
meaning,9
speak,21
about,62
alexander,51
never,25
easy,7
having,8
board,16
tried,12
father,43
give,20
guidance,7
mind,7
things,13
gotten,2
far,14
without,18
looks,6
times,8
felt,7
like,52
mother,25
die,28
asked,11
watch,6
over,22
wondering,2
might,9
consider,7
formalizing,1
arrangement,1
sohchim,1
become,13
surrogate,1
case,4
anything,18
responsible,5
closest,2
analogy,1
stepsister,1
considered,5
risk,10
willing,3
way,34
someone,13
using,8
array,9
covert,2
surveillance,2
thats,10
galor,3
class,11
feel,13
did,75
dizziness,2
earlier,2
celebration,1
thinking,4
patient,2
concussion,2
tournament,3
prove,4
says,5
ninth,1
place,14
trophy,1
playing,2
recorded,2
back,19
access,10
logs,9
shuttlecraft,21
curie,2
entry,3
remember,18
asking,7
reprogramming,1
energy,25
configuration,3
saw,13
imaging,3
yourself,15
downloaded,1
crusher,11
experiencing,4
further,8
loss,4
instincts,1
tell,24
than,30
every,8
detail,3
word,10
right,28
gave,8
moved,2
changed,7
dont,29
clothing,3
panel,1
altered,2
how,48
request,18
temporarily,1
relieved,3
play,6
display,1
entries,1
regarding,3
why,56
shouldnt,2
sure,13
rather,8
something,43
appropriate,3
behavior,4
wife,2
mates,1
events,1
circumstances,1
change,5
aware,9
years,15
different,9
relationship,3
friends,9
believes,3
long,20
married,2
troi,15
begin,11
container,2
fell,1
romantic,2
mated,3
alright,3
went,6
happening,3
wave,3
looked,2
la,14
forge,13
opposite,2
room,18
party,5
suddenly,1
quarters,21
everyone,7
entered,10
locations,1
near,6
each,12
just,36
noticed,2
differences,1
connection,1
ago,11
ogawa,8
uniform,2
rank,1
also,17
clearly,2
attending,1
so,43
inquire,1
differently,1
somehow,1
shifting,3
reality,2
original,4
quantum,1
state,2
return,25
close,6
friend,6
children,12
shift,3
occurred,2
son,24
bajorans,3
assuming,2
works,2
happen,4
myself,7
goodbye,5
setting,6
course,40
fissure,1
charging,1
primary,4
systems,31
initiating,3
inverse,2
everything,9
explain,10
arrive,5
resealed,1
surprised,4
live,11
story,2
leave,27
dinner,3
join,11
flappers,1
grey,1
flannel,1
suit,2
gunslinger,1
program,13
running,3
forgot,2
taking,5
welcome,8
finished,1
puzzle,1
recognize,2
id,2
exactly,4
picture,1
succeeding,1
simply,9
passengers,1
foundation,1
earthquake,2
vertiform,1
city,4
conductor,1
accidently,1
derailed,1
train,1
braking,1
lever,1
engine,3
spot,3
send,7
reconnaissance,1
probes,6
supplement,1
visual,19
picking,24
emissions,3
ferengi,17
locking,4
sustained,4
minimal,8
damage,21
decks,20
engines,3
offline,7
inoperative,9
hekaran,1
moving,16
off,24
life,49
form,7
serova,1
control,23
parties,1
standingby,1
minute,4
twentytwo,2
seconds,21
fleming,2
attempting,12
initiate,2
drive,3
fiftythree,1
activating,3
six,15
fourteen,6
structural,7
commencing,1
evacuation,5
procedures,4
crew,7
fields,5
failing,9
ten,15
through,19
sixteen,5
switching,2
backups,1
breach,3
imminent,5
observe,2
restrictions,1
since,8
returned,9
carraya,2
empty,2
young,10
heritage,5
teach,9
culture,1
ancient,2
stories,4
instructed,3
customs,2
explained,4
beliefs,2
kahless,50
united,4
strength,8
promised,2
day,11
took,4
discover,1
warriors,8
themselves,4
teachings,3
truly,7
experienced,1
trying,8
summon,1
vision,3
real,11
appear,9
toq,2
belief,2
stovokor,3
lies,7
beyond,8
awaits,2
lose,5
possess,4
true,14
allowed,9
interfere,3
boreth,3
followers,1
wait,11
sacred,2
torva,2
luk,2
days,9
koroth,6
visions,2
received,7
insight,2
laws,1
done,18
gathered,1
belongings,3
edge,3
need,26
yourselves,1
promise,5
pointed,2
star,6
sky,1
point,26
light,4
open,38
heart,14
shell,4
tricorder,7
tool,2
use,14
many,17
possibilities,1
shape,1
shifter,1
holographic,2
projection,1
name,12
serve,7
starfleet,24
cave,1
torin,2
questions,3
beginning,7
wisdom,2
trust,8
ways,6
wants,5
restore,5
glory,3
purging,1
dishonor,15
corruption,1
empirical,1
matter,22
faith,4
provide,5
possibility,2
actually,2
saying,7
completely,3
reject,1
during,5
rite,9
ascension,6
known,7
world,8
ceremony,6
aliens,5
conduct,4
rituals,3
part,17
visiting,1
adoptive,3
parents,17
earth,8
traditions,4
path,8
hoped,1
replicators,1
justice,1
warnog,2
ask,23
death,19
glorious,2
test,13
proved,2
together,10
future,5
revive,1
pure,1
ourselves,4
listen,5
gowron,17
hear,7
words,11
restored,4
mine,4
chance,8
lift,1
spirit,3
cleanse,1
arms,2
approved,1
welcomes,1
presence,7
offense,2
kill,13
new,18
era,2
faced,1
storm,8
even,15
tastes,1
certainly,2
greatest,3
youre,11
twisted,1
game,6
alone,11
clone,3
created,1
laboratory,2
genetic,1
material,1
taken,16
copy,1
fraud,2
grew,1
tube,1
fungus,1
programmed,1
machine,3
talk,11
truth,10
brought,5
lie,11
called,6
false,3
god,1
orders,5
fools,2
decision,9
appeared,6
able,13
stand,17
against,10
minds,2
powerful,6
members,8
sitting,1
waiting,6
larger,1
lives,2
despite,2
facts,1
make,31
leap,1
plunge,1
civil,3
war,14
oppose,2
unwise,2
thing,9
becoming,3
corrupt,2
decadent,1
moral,1
leadership,1
leader,4
emperor,1
political,2
remain,9
figurehead,1
ability,4
rally,1
example,1
guide,3
spiritual,2
matters,2
mold,1
honorable,6
according,3
great,16
challenge,15
courage,7
accept,7
rightful,1
heir,1
brother,16
support,17
fight,13
fall,2
qapla,1
sensor,22
reveals,1
signs,9
such,7
training,4
division,1
ordering,1
officers,8
lecture,1
metaphysics,1
humor,2
either,2
unusual,11
readings,16
dwarf,1
collapse,1
tractor,22
onto,2
tsiolkovsky,1
urgent,1
seeing,3
huge,1
chunk,1
stars,6
blown,1
controls,8
result,3
estimate,2
minutes,19
until,14
mass,3
gets,2
owe,2
thanks,1
boy,13
weve,10
completed,9
remote,2
feed,2
generates,1
surrounding,3
patterns,2
alive,8
wasnt,2
expect,7
computers,2
maybe,4
lifeform,7
reached,6
limit,1
assured,1
victorious,3
whatever,1
cost,2
winning,1
important,11
keep,7
score,1
whats,3
wheres,2
answer,8
else,9
detector,1
circuits,1
deflectors,5
grahams,1
condition,2
better,12
permission,21
clean,1
respectfully,2
submit,2
choice,7
velocity,13
nine,25
takes,2
past,7
red,2
line,6
four,42
design,6
tremor,1
warning,5
seek,4
escape,7
goes,1
requests,5
immediately,10
special,4
assignment,1
hes,13
transfer,9
hood,2
checking,1
layout,1
suppose,2
admirals,1
remarkable,1
perimeter,7
definitely,3
entering,7
orbital,2
trajectory,2
guess,1
scanned,4
bounce,1
somethings,2
theyre,27
firing,27
farpoint,2
hold,5
hitting,1
bandi,1
thruster,1
guinan,21
guards,9
solar,3
radiation,12
interfering,1
least,8
fivehundred,1
thousand,15
kilometers,22
lock,12
failure,5
invention,1
plasma,8
shock,1
affected,3
nervous,1
reacted,1
gripping,1
tighter,1
examination,1
complete,10
isolated,1
navigational,2
possible,18
establish,6
operation,2
lost,19
contact,16
object,13
emerging,4
corona,2
coordinates,18
ambassador,10
maurics,1
chambers,1
kes,1
commence,1
confirmed,7
sequence,6
shows,2
concentration,3
antigraviton,1
particles,3
emitter,1
coil,1
occur,3
naturally,3
interfered,1
prytt,2
determine,2
communications,6
frequencies,19
link,4
problem,6
assure,3
hailed,20
weapon,17
pose,3
threat,8
recaptured,1
reading,21
seismic,2
instability,1
area,9
danger,6
daimon,5
birta,1
modified,2
detecting,11
bow,7
probe,21
cloaked,4
nowhere,2
overloading,1
materialized,1
hundred,23
sending,1
engineers,5
workmen,1
mmm,1
delicious,3
cellular,1
peptide,1
mint,2
frosting,2
bite,1
overslept,1
music,2
screeching,1
pounding,1
dissonant,1
confiscate,1
sidearm,1
animal,3
vicinity,6
ip,1
scanner,1
sign,8
similar,4
creatures,3
interphasic,1
activity,8
crewmembers,16
unlocked,1
fault,4
left,15
explaining,1
seemed,3
hed,1
terrible,3
napean,1
considering,3
ending,3
outward,1
jumped,1
almost,7
calm,1
technician,4
start,4
picked,1
anomalous,1
psilosynine,1
accompany,4
kwans,3
interviewed,1
coworkers,1
observed,1
indicated,5
kwan,2
contemplating,1
nor,6
empathic,1
experiences,1
involved,7
physical,2
person,5
telepathically,1
sought,1
exist,1
nonetheless,1
wishes,6
acted,3
sooner,2
corell,1
enjoying,1
company,1
proceeding,6
between,7
anyone,10
particular,1
prefer,4
short,2
after,10
ninety,2
venting,1
engage,4
prevent,1
degradation,1
forcefield,6
apologize,5
late,8
viral,1
medicines,1
transporting,1
barson,1
require,8
measures,1
properly,1
contained,1
narrow,1
parameters,1
walter,1
pierce,5
supervisor,1
utopia,1
planitia,1
event,2
implied,1
played,1
poker,1
bluff,2
human,26
morning,1
tired,1
early,1
tomorrow,5
breakfast,1
shortly,5
offlimits,1
personnel,6
soon,10
apparently,2
remains,4
ensign,42
marla,2
finn,1
killed,9
murderer,2
hid,1
conversation,2
calloway,1
deck,22
regret,3
wrong,10
meet,8
opened,2
maintenance,3
door,2
trois,3
discharge,4
obliterated,2
evidence,6
murder,3
pulled,2
stream,1
whom,1
dead,14
bodies,4
decloaking,6
directly,11
ahead,16
powering,7
hailing,33
tachyon,3
scans,8
head,4
searching,1
grid,4
zero,7
encountering,1
shifts,1
magnetic,9
density,2
large,6
resonance,1
hull,13
section,12
cut,2
reach,10
rock,1
face,11
passed,4
asteroid,5
kilometer,1
cleared,5
main,10
proceed,11
allow,15
made,14
mistake,3
pet,1
child,11
ahh,1
standard,5
orbit,11
verified,1
jaradans,1
immobilized,1
damn,2
torpedoes,24
insufficient,1
uncle,1
shameful,1
falling,1
superior,5
enemy,15
hit,17
hard,5
fast,1
read,6
vulnerable,3
pygmy,1
cretins,1
hails,3
observation,1
post,6
significant,1
appears,11
intact,4
functioning,7
forms,9
structure,4
faint,7
caverns,1
deflector,6
shield,9
brothers,3
nikolai,6
older,2
alike,2
disagreements,1
growing,2
attended,2
academy,4
unable,6
follow,3
rules,3
year,2
qualities,1
brilliant,1
persuasive,1
natural,2
approximately,6
twohundred,1
meters,9
traveller,1
postponed,1
deaths,1
correct,1
set,16
com,12
drain,1
registered,2
concentrate,1
eps,3
links,1
override,7
authorization,3
thetasixonenine,1
intention,4
obeying,1
captains,6
uphold,1
prime,4
directive,2
disgraced,3
caves,3
travel,4
safely,1
worry,1
omen,1
travellers,1
ordered,2
solve,1
problems,5
create,2
manner,2
songs,1
gather,2
stay,9
behind,2
quickly,4
girl,1
carry,5
vorin,1
erase,1
prisoner,6
shouldve,1
consequences,2
acts,1
wherever,1
chaos,1
awake,1
perfect,3
wild,5
disobedient,1
accused,5
weep,1
clear,17
reason,5
malfunctions,1
increasing,13
argument,1
boraalan,1
usual,1
treated,1
dobara,1
impossible,13
shelter,2
tents,1
produce,2
energize,3
storms,1
youd,1
chronicle,1
hope,7
attempt,5
happy,4
involve,2
explosive,4
yield,2
increased,11
eleven,3
enhanced,1
targeting,3
accuracy,2
zerozerofive,1
threeoneseven,1
pattern,4
delta,2
ninefour,1
loaded,3
veered,1
malfunction,3
detonator,3
performed,2
thirteen,7
diagnostics,1
approach,5
unannounced,3
especially,3
eating,2
hungry,2
caviar,1
lunch,1
failed,6
designed,3
reset,1
environmental,3
already,9
raised,2
temperature,7
hot,1
turn,2
bath,1
excused,2
feeling,4
water,3
telepaths,1
uneasy,1
ops,1
tactical,9
recommended,1
detect,11
length,2
pod,2
twenty,10
disagree,3
herself,1
sito,2
disappoint,2
bluffing,3
advanced,1
participate,3
group,5
pass,3
giktal,1
ritual,5
tests,3
mokbara,3
practice,6
anticipate,3
stop,14
excuses,1
replace,1
blindfold,1
fair,2
judged,2
unfairly,1
suffer,4
bruises,1
protest,3
distressed,1
shuttle,27
fired,3
captured,5
luck,1
launch,8
increase,3
sweeps,1
receive,3
telemetry,1
commanding,4
passes,3
inevitably,2
becomes,6
inevitable,2
forged,2
sword,8
tempered,1
begins,3
school,7
distracted,2
foolishness,1
meant,3
second,9
age,6
prepare,4
fighting,2
skills,5
tested,2
challenging,1
kortova,1
candle,1
represents,2
burns,2
yours,2
declaring,1
someday,2
procedure,3
affairs,1
klingtons,1
festival,1
kotbaval,1
nearer,1
homeworld,4
outpost,6
vodrey,1
nebula,4
tyrant,2
molor,8
kirok,2
otak,1
turo,1
noktar,1
begot,1
hoshar,1
tenot,1
fought,5
molors,1
tyranny,1
died,10
centuries,5
money,1
run,5
ive,11
seen,11
somewhere,1
kmtar,5
gintak,2
advisor,1
trusted,1
family,29
attackers,1
dropped,6
dagger,1
duras,15
unanswered,1
treat,2
disrespectfully,1
rude,2
forgotten,2
pointing,1
ours,3
raise,6
learning,2
committed,2
himself,4
undergoing,1
grateful,1
patched,1
hours,24
kohmanara,1
block,1
combination,1
kohbala,1
pivot,1
pakara,1
thrust,1
taught,6
week,1
master,3
apply,2
regain,2
balance,1
shaft,2
outer,4
crust,1
machinery,1
sisters,1
often,7
reminds,2
disregard,1
needs,4
ogat,1
belongs,1
fitness,1
confident,2
vote,1
induce,2
spend,2
harder,3
visit,3
accepted,3
freedom,1
turns,1
fathers,6
kilograms,1
bird,2
prey,6
assassins,2
bears,1
crest,1
cant,9
tarnish,1
rusted,1
blade,4
girnak,1
tovosor,1
ptak,1
final,1
end,11
mustnt,1
blame,4
wanted,7
peacemaker,1
cause,4
peace,4
struggle,2
youve,4
talking,4
glimpse,1
sons,1
destiny,1
happens,1
decide,1
hell,1
deal,7
plenty,1
obrien,28
understanding,2
families,4
shares,1
cooking,1
humanoid,2
bases,1
maximum,5
emergency,10
otherwise,1
theory,1
moebius,1
twist,1
fabric,1
loop,1
report,11
vortex,1
reported,9
injuries,2
meat,2
humans,8
raising,1
animals,2
food,5
fortunate,2
effort,1
preferred,1
omelet,1
reads,2
solid,2
useless,5
drop,6
reaction,4
wearing,1
uniforms,3
inside,5
isnt,2
vicious,1
flimflam,1
except,3
fulfilled,1
alien,7
haven,1
miller,1
wedding,1
magnification,1
negative,10
pick,2
whisper,1
transmitted,1
sit,6
guessing,1
surprises,1
yar,3
including,4
fairly,1
heavy,4
chest,2
hadnt,2
unpacked,1
theta,1
beings,1
machines,1
mere,1
illusions,1
deceive,3
totally,5
ineffective,3
surfaces,1
turbolifts,1
las,1
vegas,1
spoke,4
curiosities,1
female,3
service,5
kitchens,1
twentyfour,4
necheyev,1
unwelcome,1
visitors,2
lay,3
confinement,1
along,5
southwestern,1
village,1
discreet,1
alarm,2
population,1
laying,1
necessary,11
remove,2
men,7
terms,1
treaty,3
survey,2
indians,1
prisoners,4
instructions,3
colonists,2
atmospheric,1
turbulence,1
colony,8
pockets,1
electrical,2
below,1
freezing,1
nineteen,2
gravity,1
buckling,1
win,2
withdraw,3
photosphere,1
exceeding,3
drink,3
repairs,3
heghta,1
stabilizers,1
responsibility,6
oversee,1
plans,1
beta,2
lankal,1
among,6
upon,2
pack,1
forbid,1
challenges,1
above,1
pride,2
valued,1
opposed,1
trade,1
loyalties,1
rooms,1
ruled,1
romulus,4
harm,3
crimes,2
spared,1
keiko,7
shuttles,4
impulse,3
generators,2
shut,3
distorting,1
major,3
front,4
teams,4
engaging,8
turbolift,3
stopped,4
fear,6
suffered,2
level,6
phaser,28
captors,3
stun,1
settings,1
possessions,1
sort,3
throughout,1
history,3
jatyin,1
living,6
telling,2
essex,1
really,4
shumar,1
disembodied,1
mad,1
choose,3
defending,2
gladly,4
idea,1
ohsevenhundred,1
seronians,1
reactivated,1
alkar,1
paxan,1
entity,2
mcknight,2
distortions,1
fading,2
fully,8
functional,1
ttauri,1
suggesting,2
complain,2
discomfort,1
ordinary,1
individuals,2
broken,4
wrist,1
speed,12
didnt,5
torpedos,3
emitted,1
energypulse,2
undamaged,3
dispersed,1
amplitude,1
frozen,2
unaffected,1
kopf,1
various,7
nurse,14
correction,2
established,4
doors,2
crawlways,1
isolinear,2
subprocessor,1
extends,1
threepointfive,1
j14baker,1
backs,1
science,3
reestablished,2
blocked,3
wont,5
clearance,2
operative,1
fix,1
single,2
small,7
lifeforms,3
auxiliary,3
knowing,3
tasha,1
companionship,1
females,5
fragile,2
concerned,7
crewmates,1
fluctuated,1
momentarily,1
vanished,2
investigator,1
krag,1
tanugan,1
burst,2
thirtynine,1
outside,2
twelve,13
unknown,4
subsiding,2
talarian,5
youths,1
militia,1
photos,1
monitor,3
connor,2
moira,2
rossa,3
infant,2
voices,1
warship,2
qmaire,3
halfway,2
woden,1
ancilary,1
comrades,1
achieve,1
males,2
confused,2
endar,1
directions,1
worth,1
theres,5
command,13
jeremiah,1
converging,1
routing,3
rockets,1
requesting,3
secure,5
crewmember,2
unlikely,3
both,14
pods,1
blast,3
analysis,3
indicates,4
explosion,3
originated,1
center,2
chamber,4
mouth,1
craft,3
discernable,1
armament,3
matching,6
optical,3
network,1
scanning,5
penetrated,2
status,4
intruder,4
operable,2
jump,1
conclusions,1
decorated,1
engaged,3
select,1
representative,1
banks,3
seventy,3
capacity,2
working,1
accessing,1
operational,2
combatready,1
highest,2
diagnostic,4
currently,1
resources,1
limited,3
recent,1
attitude,2
authority,2
unwarranted,1
radio,1
crossed,3
lysian,2
destroyer,3
intercept,10
manuevers,1
destroyed,14
central,1
targets,3
battleships,1
apologies,1
patience,2
sometimes,1
effective,1
grown,1
weary,1
bearing,15
escort,7
scheduled,2
dismissed,2
traitor,6
discommendation,4
protect,3
betrayed,2
khitomer,12
expose,1
split,1
instead,1
chose,1
installation,1
bet,3
laugh,2
laughing,1
difficulties,2
adjusting,3
absence,3
succession,1
acting,1
dishonorably,2
elder,2
kurn,2
feels,1
grasp,1
enemies,8
around,6
throat,1
offer,4
price,2
restoration,1
gained,1
nearly,2
options,5
massacre,1
records,6
falsely,2
treason,3
urged,2
tie,1
hands,4
innocence,2
weak,4
squadrons,1
pledged,1
bloodline,3
kept,2
hidden,1
intervene,2
disruptors,6
online,3
helpless,2
theyll,3
thirtyfive,3
kellicams,2
dropping,7
disengaged,1
represent,3
grave,1
conspired,1
victors,1
surely,4
klingonromulan,1
alliance,2
fundamental,1
quadrant,4
interests,1
beg,2
extended,2
resign,1
commission,1
rescued,2
loved,2
lived,3
sides,1
born,3
cry,1
belong,2
injured,7
civilians,1
techician,1
doctors,1
nurses,4
civilian,1
medics,1
suits,1
hand,9
sixes,1
approval,2
restraining,1
move,5
legs,3
bed,1
muscles,1
atrophy,1
unless,4
agreeing,1
paralysis,1
permanent,2
favor,1
performing,2
heghbat,3
burden,2
pity,1
shame,4
served,3
brave,1
dignity,2
question,8
sixty,1
mobility,1
lurching,1
corridors,2
halfklingon,1
ridicule,1
disgust,1
struggling,1
injury,2
prepared,5
implants,1
interested,2
comes,3
value,2
suffering,2
decided,3
break,2
undergo,1
dangerous,7
cared,1
elderly,1
serious,1
helpful,2
guiding,1
arrival,3
imagine,2
parent,2
tamarian,2
lefler,1
copilot,1
male,1
office,1
passenger,3
concern,6
threatening,1
contest,1
champions,1
theirs,2
positron,1
electron,1
ninefive,1
lifesupport,4
propulsion,1
normal,6
onboard,3
disrupted,1
barely,1
thrusters,2
land,1
confidence,1
maintain,4
scattering,1
stalemate,1
electromagnetic,3
variable,1
induction,1
erratic,1
appearing,1
disappearing,1
fails,1
agreed,4
proximity,3
tamarians,1
lifesigns,1
fluctuating,2
itself,4
particle,2
emitters,1
fiftytwo,1
maneuver,1
rutians,1
plaza,1
rutian,2
police,1
ansata,1
terrorists,1
devices,1
intended,1
abduction,2
intruders,2
rescue,2
borg,32
nossir,2
unidentified,7
twoonezero,1
onefiveone,1
drained,1
per,4
cent,1
eighty,2
continuing,5
cutting,2
released,3
pursuit,2
locate,4
fortyeight,2
latching,1
breached,1
disengaging,2
leaving,6
ninepointfour,1
ninepointsix,1
zerozeroone,2
terran,1
leading,2
defenses,1
retuned,1
frequency,8
spanning,1
upper,1
em,2
band,2
functions,2
inconclusive,1
activated,5
pleasure,1
love,5
available,6
restrain,1
bragging,1
violist,1
boys,3
origin,1
shelia,1
accurate,2
levels,9
disrupting,2
loading,4
weeks,1
distant,1
sheliak,1
corporate,1
respond,4
hopeless,1
preferable,1
gleason,1
advantage,4
neither,3
adapters,1
unusually,1
eddy,1
currents,1
twozerozero,1
twooneone,1
mission,7
accomplished,1
species,2
mars,1
defense,2
halted,1
generation,1
charged,1
shall,6
execute,3
nonexistent,1
rapidly,1
technicians,3
registering,2
delighted,1
walk,1
bad,3
quiet,3
disappear,1
fooled,2
activate,1
cloud,2
energetic,2
threefourone,1
twozero,1
highly,5
organized,1
speaker,1
tachyons,1
penetrating,3
location,5
effect,6
added,1
harmonics,1
blocking,3
output,1
calamarain,3
understood,7
attacking,3
repelled,1
overpowered,1
penetration,1
thirtysix,3
unscheduled,1
launched,3
breel,1
solarion,3
low,3
audio,7
defend,1
check,2
admits,1
dozens,1
attacks,1
fears,1
reprisal,1
implicate,1
capabilities,1
type,3
grids,1
misc,1
jnaii,3
womans,3
cards,3
mans,1
bother,1
plan,3
deploying,1
buoys,1
null,1
transpired,1
planets,5
obey,5
suggest,5
meeting,1
building,2
handle,5
cover,1
genome,1
12yearold,1
pianist,1
defensive,3
losing,5
initiated,1
grant,2
asylum,1
save,1
destruction,3
opera,1
theme,1
aktuh,1
maylota,2
maaaylota,1
coded,1
employ,1
proper,4
code,2
crossing,1
vulcan,5
onefourthree,1
escorting,1
envoy,1
spock,1
announcement,1
archaeological,2
maintaining,2
disruptor,3
attractive,1
12,1
prisonersveterans,1
10,1
government,2
officials,1
weaponry,2
angosian,2
minister,1
angosians,1
technology,2
massive,4
build,1
release,4
activation,1
virtually,1
simultaneous,1
pointone,2
interval,1
contingent,2
present,6
overload,2
seal,1
shuttlebay,2
shuttlebays,1
pressure,1
missing,4
cunning,1
danar,3
blood,8
escaped,1
reveal,4
volunteered,1
tech,1
guard,5
clerk,2
asteroidal,1
debris,5
pointohthree,1
objects,3
flight,2
freely,3
nature,1
satisfaction,1
opportunity,2
demonstration,1
arranged,2
relatives,2
deception,1
offends,1
satisfy,1
curiosity,1
aiding,1
abetting,1
charge,3
rival,1
generations,2
actions,2
fail,2
executed,6
chadich,6
insist,1
honored,4
chosen,1
impress,2
assume,1
sins,1
disgrace,3
proven,1
spoken,1
kmpec,2
forsaken,1
aside,1
kutluch,1
assassin,1
knows,7
abandon,2
hearing,1
brute,1
asset,1
conflicts,1
shrewd,1
forceful,1
opponent,2
treachery,1
trap,2
coward,1
ghojmok,1
judge,1
guilty,1
fed,1
dogs,1
silent,2
purpose,1
damato,1
challenged,2
tenforward,1
fajo,1
information,15
promotion,1
crewmate,1
commonplace,1
yars,1
perform,5
tricyanate,4
contamination,1
fortytwo,2
parts,1
million,3
square,2
west,1
hytritium,1
table,3
disbursement,1
faster,1
expected,2
concentrated,2
grams,1
cubic,1
centimeter,1
source,7
higher,1
normally,1
curious,1
process,2
neutralization,1
occuring,1
doesnt,2
elements,4
crystals,1
affirmative,1
lya,1
transmit,2
reply,1
powered,2
reentered,1
territory,1
cowards,2
permit,1
logistics,1
credentials,1
simple,2
spy,1
lucky,2
spies,1
tarvokian,1
pound,1
designated,3
threetwoseven,2
onefivetwo,1
isolate,1
thermal,2
unfortunately,1
avoid,2
public,1
areas,2
heat,1
twentythree,5
capability,1
substantially,2
inferior,2
martin,1
crewperson,2
davis,1
kellers,1
probed,3
fearful,1
iresine,1
syndrome,1
health,2
ullians,1
got,2
wise,3
quarantine,1
rising,4
critical,2
disable,4
indicating,1
melona,3
current,2
twentyseven,4
atmosphere,6
brechtian,1
cluster,3
skullfaced,1
waiter,3
exciting,1
arrangements,2
hello,2
remaining,2
recall,2
smiling,1
knocked,1
lamp,1
option,2
liar,1
enjoy,3
teachers,2
teacher,1
detained,3
enrolling,1
ms,5
kyle,2
later,5
review,2
reschedule,1
accusing,1
stealing,1
model,2
lizard,1
horrible,1
punishment,4
bond,1
lied,1
stole,2
younger,1
morath,3
nights,1
steal,1
incident,3
falsehood,1
remedied,1
error,1
repeat,1
jadar,1
minor,5
fatalities,1
bilana,1
concerns,2
dealing,1
firm,1
rozhenko,3
freeze,2
battelh,3
means,5
arrange,3
lessons,1
disobedience,1
best,5
informed,4
disapprove,1
pleased,4
requires,2
attention,2
misconduct,1
abandoned,1
argued,1
environment,1
thirtythree,1
satisfactory,2
dissatisfied,1
steps,1
remedy,1
fluctuations,1
conduits,2
transporters,3
beams,1
biolab,1
firesuppression,1
apparatus,1
schools,1
thorne,1
van,1
mayter,1
cat,2
pursue,1
relationships,1
conquer,1
desire,3
dsora,1
serves,1
mistreated,1
displeased,1
puzzled,1
detectable,1
bioelectric,1
residuals,1
hoqjoh,1
incidents,2
decompression,1
thirtyseven,1
maneuverable,1
deformation,2
passing,2
impact,5
fifteen,7
tog,2
handled,1
skillfully,1
admirable,2
betazed,2
homn,1
bradbury,2
delay,5
departure,1
informs,1
located,6
lwaxana,1
arrived,3
rendezvous,2
expecting,1
less,7
justify,1
mutiny,1
nobody,1
assign,2
eyes,5
scent,4
speaks,1
recently,1
exchanged,1
synthehol,1
relax,1
tutoring,1
learns,1
longrange,2
identify,1
distance,6
booth,1
step,1
ignore,2
answering,1
hail,5
zalkonian,2
formidable,2
comparable,1
sunad,1
ikalian,1
belt,2
rebels,2
hiding,4
freighter,5
kell,1
disloyal,1
assistance,1
motives,1
governor,3
vagh,2
signaled,1
cruiser,5
birds,2
sent,4
hutchinson,1
gravitational,6
affect,1
wavefronts,2
disappeared,3
previously,1
explored,1
difference,1
wavefront,4
intensity,7
steadily,1
g,1
units,2
distortion,13
reflected,1
compensate,2
secondary,4
distorted,1
magnitude,1
overpressure,1
pathways,1
factor,1
fortyseven,2
additional,2
sharp,1
pain,1
bone,1
bore,2
uncommon,1
months,1
pregnancy,2
contractions,1
apart,1
closer,3
phase,1
dilation,2
centimeters,3
onset,1
labor,1
computerized,1
simulation,2
assisted,2
delivery,2
baby,4
congratulations,1
dilated,1
birth,1
stage,1
begun,3
orderly,1
uncontrollable,1
urge,3
push,8
contraction,2
gently,1
firmly,1
smack,1
breathing,1
noise,2
dna,3
torak,1
rocha,2
morag,2
boarded,1
admit,3
mistakes,1
lobe,1
vos,1
deliberately,1
conflict,1
absorbed,2
tubes,1
positive,5
emanating,1
materials,1
soiled,1
garment,1
reprocessor,1
specifically,2
bribery,1
yell,1
agreement,2
intrusion,2
difficulty,4
contract,1
mrs,3
unreasonable,1
madam,2
sanctioned,1
intermittent,1
inertial,2
damping,1
eat,6
hour,2
breaks,1
obligations,1
continues,2
listened,1
obeyed,1
wonder,1
fivepointseven,1
evacuate,2
supposed,5
henchman,1
townsfolk,1
piano,1
player,1
interrupt,1
consult,1
roster,3
hoping,1
bikos,1
staging,1
shipwide,1
drills,1
planned,1
tentative,1
schedule,2
checks,1
wished,3
extra,1
fit,2
function,2
law,2
enforcement,1
wrote,1
barclay,2
apprehend,1
arrest,2
committing,1
homicide,1
appeal,1
thief,1
rights,1
century,4
trial,3
refer,1
durango,1
temporary,1
deputy,4
amounts,1
currency,1
period,2
earths,1
evening,1
considerate,1
negligent,1
annie,2
silence,2
firewine,1
hollander,1
negotiate,3
criminals,1
safeguards,1
character,1
hollanders,2
speaking,2
town,4
witnessed,1
witnesses,1
abducted,1
bank,1
systematic,1
reconsidered,1
exchange,1
rain,1
barrel,1
saloon,1
bullets,1
excellent,1
debt,1
unstable,1
deadwood,1
sheriff,1
messages,1
answered,1
rewriting,1
claiming,1
genius,1
version,1
mention,1
federations,1
rise,1
junior,3
adjutant,1
diplomatic,2
delegation,1
bijik,1
tripoli,1
transponder,2
marker,1
turning,2
buildup,2
seventytwo,2
sixtyeight,1
forty,5
damaged,3
managed,1
secret,3
inform,1
slow,1
issue,1
jdan,4
attachment,1
pursuing,1
investigation,4
transferred,1
jdans,1
fitted,1
reader,2
specially,1
chips,3
extract,1
digital,1
encode,1
aminoacid,1
sequences,3
fluid,1
syringe,1
injects,1
carried,1
bloodstream,1
inert,1
proteins,1
tracked,1
movements,2
traced,1
tarkanian,1
diplomat,2
cruces,1
injections,1
chip,1
transform,1
biological,1
strongly,1
motivated,1
ones,4
conspiracy,2
interviews,1
investigate,2
tarses,4
bailey,1
crewman,2
marcus,1
coordinate,1
track,3
kellogg,1
list,2
associates,1
encephalographic,1
polygraph,1
conducting,2
simon,1
admitted,1
guilt,1
grandfather,1
afraid,3
bothering,1
henry,1
hearings,1
satie,1
believed,1
helped,2
yesterday,1
zeroonezero,1
offend,1
kehleyr,6
earn,1
victory,1
acknowledge,1
bear,3
collaborating,1
ultimately,1
withdrew,1
regular,2
preserve,2
poison,1
little,4
outsider,1
insisted,1
oath,3
humiliation,1
outcast,1
traitors,1
claim,4
kathless,1
unforgettable,1
operated,2
belonged,1
arm,3
incensed,1
disruptive,1
investigations,1
insightful,1
fortunately,1
thorough,1
bomb,1
moleculardecay,1
demonstrate,1
onefourtwo,1
mate,5
boundaries,1
convince,2
starbase,5
seventythree,2
deserve,1
miss,1
caldonian,1
leyor,1
wormhole,1
missile,3
launchers,2
goss,2
opening,1
demanding,2
sixth,3
m,1
though,3
scooped,2
laser,3
slicing,1
saucer,2
sections,3
twentyeight,1
eighteen,1
gaining,1
effectiveness,1
reduced,2
reestablishing,1
sonya,1
pakleds,2
anesthesiologist,1
orderlies,1
mayday,1
rhomboid,1
dronegar,1
zerozerosix,1
shipunidentifieddistress,1
deploy,1
caution,2
viewer,3
terminated,4
penetrate,2
tactically,1
choices,1
multiple,1
stuns,1
stands,1
initiative,1
classified,1
share,1
attain,1
awareness,1
indeed,1
gateway,2
heroic,1
salvation,1
base,3
reactor,1
jammed,1
spoils,1
ambush,2
wasted,1
ambushes,1
successful,3
bathed,1
chorgans,1
turkanans,1
coalition,1
pah,1
suspect,2
accuse,1
arcos,1
transmitter,1
violent,1
lawless,1
rape,1
gangs,1
detectors,1
manu,1
ransom,1
demand,1
exercise,2
promises,1
denials,1
turkana,1
mute,1
diversion,1
probably,4
draw,1
triggered,1
picards,1
archeology,1
troop,1
menatarms,1
executioner,1
castle,1
servants,1
court,1
granted,1
nice,3
merry,1
fool,3
qs,1
amusement,1
scientists,1
spacetime,4
questionnaires,2
hate,1
22nd,1
depth,1
calculations,1
drilling,1
earthquakes,1
eruptions,1
rerouted,1
dish,2
taps,1
explosives,1
nds,3
beard,2
fashion,1
symbol,2
motion,1
dines,1
maam,1
reklar,1
holds,2
antimatter,5
mines,2
capabilites,1
ejected,1
containers,1
attach,2
hulls,1
modifying,2
receiver,1
assemblies,1
unit,2
crash,1
survived,2
lower,4
unconscious,1
reactivate,1
clutter,2
determination,2
decius,1
combat,4
unauthorized,1
madame,2
initiator,1
uh,1
woof,1
targeted,1
volley,4
third,3
posture,1
staggered,2
vectors,1
davies,1
hildebrant,1
alans,1
indication,3
intelligence,1
interesting,3
artificial,1
transmissions,2
occurring,1
degree,1
absolute,1
resonators,2
casings,1
burrowing,1
beneath,1
adjust,2
resonator,3
communicators,1
dysfunctional,1
valid,2
yessir,3
beamup,1
held,4
interrogated,1
objection,1
busy,1
forgive,1
lifeblood,1
murdered,1
tells,3
substance,2
cells,1
survive,2
transfusion,1
threefiftyfour,1
twoeightseven,1
ignoring,1
acknowledgement,1
docking,1
clamps,1
secured,1
desoto,1
tracking,2
register,1
instruments,2
ionized,1
preceding,1
arming,3
distruptors,1
recloaked,1
partial,1
uncloaked,1
manual,2
thrown,1
tin,2
christy,1
leah,1
brahms,1
promellian,1
toys,1
posts,1
readouts,1
bombarded,1
interferes,1
negligible,2
substantial,1
dip,2
twoone,1
fourtwo,1
seventeen,3
assimilator,1
herbert,1
waste,4
big,1
fish,1
kling,2
tez,1
mrot,1
weilz,1
konpadam,1
tribe,1
ares,1
potential,1
hero,1
riddles,1
mood,1
trifling,1
games,1
tries,1
dahjaj,1
suvwie,1
jih,4
tigwij,1
saangnis,1
iw,1
biqtiqdaq,1
jijah,1
river,1
jibechrup,1
vilos,1
crave,1
hihivqa,1
bile,1
vanquished,1
flows,1
maypequ,1
moh,1
admiration,1
eternal,1
gratitude,1
montgomery,1
briefing,1
specialist,1
analytical,1
kareel,1
alyssa,1
taggerts,1
limb,1
moon,4
claims,1
emissaries,1
carrying,2
trill,1
host,1
general,2
gamelan,1
mining,1
settlement,1
pentarus,1
starting,3
miners,1
joining,1
felton,1
forget,1
pointfour,1
blue,1
dress,1
oneohthree,1
ohtwofour,1
seventyfive,2
sixtyfour,1
glin,2
corak,1
tajor,1
feynman,1
metagenics,1
conquered,1
attacker,2
celtris,2
undetected,1
bats,1
heights,1
doubtful,1
suffice,1
echo,1
image,2
hatch,1
magnetically,1
sealed,3
bypass,2
ionization,1
fraction,1
invisible,1
guerilla,1
fate,1
cavern,1
dust,2
ventaxians,1
aides,1
sentries,1
3,1
workers,1
n,1
d,1
ventax,1
hostage,1
feklhr,1
powers,2
april,1
anaya,1
linda,1
larson,1
brower,1
collision,1
sufficent,1
protection,1
withdrawal,1
following,2
disconnected,2
protected,1
disconnect,1
upgrades,1
supply,1
calibration,1
thankyou,1
inappropriate,1
correspondence,1
signalled,1
chasing,2
midst,1
repair,1
tour,2
disrespectful,1
commanders,1
reserved,1
sleep,1
reasons,3
rokeg,1
pie,1
sergey,1
helena,1
insult,1
childhood,1
ailment,1
humiliating,1
protecting,1
tea,3
deadly,1
bravery,1
mortality,1
reminder,1
poetry,2
achieves,1
fullest,1
flower,1
artifical,1
lowered,1
flares,1
automated,1
contains,3
flames,1
oxygen,2
consumed,1
suffocated,1
obtain,1
spiritous,1
liquors,1
dispensers,1
alcohol,1
deleterious,1
effects,2
chechtluth,1
career,1
clones,1
hunt,6
darkness,1
sings,1
seize,2
gift,1
bower,1
feet,2
hearts,1
translate,1
beverly,1
erics,1
girlfriend,1
straight,2
stellar,1
vector,1
breakdown,1
refuses,1
sterilized,1
processors,1
gamma,1
extermination,1
alternative,1
universal,1
translator,1
eye,2
greater,1
vehicles,1
operating,1
rana,3
individual,2
south,1
north,1
lowyield,1
nonfunctional,1
frontroom,1
incapacitate,1
nonfunctioning,1
act,4
unmitigated,1
gall,2
admire,1
ranian,1
determined,1
hostile,2
attacked,3
andorians,1
contend,2
thoroughness,1
reputation,2
jacketed,1
streams,1
positrons,1
antiprotons,1
equivalent,1
firepower,1
megawatts,2
gigawatts,1
superficial,1
reassembling,1
internal,1
spacecraft,1
evasive,1
action,2
survivors,3
kevin,1
rishon,1
handsome,1
race,1
graceful,1
countenance,1
dalen,1
quaice,3
deckbydeck,1
closely,2
hickman,1
watched,2
forges,1
absorption,1
spectrum,1
earned,2
preparing,2
sensitive,1
dismantle,1
phoenix,2
maxwell,1
bays,2
frankly,1
incursions,1
unacceptable,3
habitat,1
destroy,4
photons,2
rounds,1
detonating,1
tensecond,1
intervals,1
reconfiguration,1
clemens,1
triolic,1
lurin,1
berik,1
morta,1
molly,1
enveloped,2
fore,1
brel,1
coupling,2
twentysix,1
update,1
estimated,1
brand,1
private,1
townspeople,1
quarter,3
relative,1
lowlevel,1
nucleonic,1
residual,1
trimmed,1
pair,3
scissors,3
distinct,1
elevated,1
platform,1
smaller,2
inclined,1
decrease,1
tables,1
incline,1
top,1
degrees,2
attached,2
scissorlike,1
armature,1
grip,1
metal,1
curved,1
inward,1
jagged,1
hagler,1
homing,1
rager,3
pavlik,1
conform,1
childs,1
delight,1
starts,1
advise,2
offspring,1
react,1
astern,2
total,2
volume,1
fortysix,1
movement,1
twofiveseven,1
onesixone,1
accelerating,1
color,1
vast,1
convinced,1
ghost,1
indeterminant,1
distribution,1
detonation,3
string,1
tunnel,1
traps,1
aster,6
brunt,1
revenge,1
senseless,1
victim,1
counsel,1
ruustai,2
orphan,2
jeremy,3
hopethatsomeday,1
bind,1
hopes,1
grieve,1
body,5
celebrate,1
releasing,1
mothers,2
headed,1
await,1
bonding,2
sos,2
batlh,1
soh,1
honors,1
bonded,1
stronger,1
reputations,1
zakdorn,1
perception,1
finishing,1
sacrifice,3
gain,2
guile,1
wagered,1
heavily,2
pool,2
plateau,1
irritated,1
actuation,1
positions,2
strategema,2
enterprises,1
project,1
viewscreen,3
anywhere,1
counter,1
talupian,1
stratagem,1
instrument,1
sighting,1
clancey,1
zerofive,1
twothreeone,1
eightytwo,1
abeam,1
emissary,2
assigned,1
professional,1
pointless,1
fantasies,1
became,2
appearance,1
library,1
tong,3
ktemoc,2
foolish,1
interrupted,1
solution,1
arent,1
declared,1
recess,1
backup,1
equipment,1
relaxed,1
jokes,1
observant,1
noted,1
unaware,1
lacked,1
commitment,1
tlhingan,2
solemnize,1
union,1
pledge,1
forever,1
devotion,1
commendable,1
belated,1
analyze,2
alternatives,2
demanded,1
surrender,1
halt,1
brain,1
stuck,1
slumber,1
tolerate,1
insubordination,1
ignorance,1
prang,2
twentyfourth,1
comfortable,2
chair,1
relieve,1
disturbs,1
barron,1
mintaka,1
alfredo,1
juarez,3
francisca,1
dancer,1
weddings,2
custom,2
dancing,1
crying,1
text,1
autosequencers,1
adelphous,1
realigning,1
umbato,1
broke,1
ribs,1
murasaki,1
quasar,1
peter,1
lin,1
peeples,1
gillespie,1
sighing,1
presonnel,1
lujpu,1
jihe,1
alexandrijn,1
kane,1
bartel,1
northern,3
hemisphere,1
exterior,2
composed,1
carbonneutronium,1
brossmer,1
mcdowell,1
sousa,1
patients,1
bulkheads,1
centers,1
solemn,1
dignified,1
praised,1
bajorn,1
chant,1
joyful,1
mourn,1
uss,4
fold,2
localized,4
continuum,3
nibpoh,2
jack,1
reverse,2
timebase,1
confirms,1
chronometers,1
identifies,1
soyuz,1
escaping,1
spear,1
tilling,1
soil,1
prison,5
free,2
jailer,1
comfort,2
robbed,2
dishonored,1
sadness,1
invented,1
underworld,1
showed,2
breathe,1
tall,1
wider,1
stance,2
basis,1
armor,1
dk,1
tahg,1
rust,1
jinaq,1
daughter,2
forbidden,1
lifeless,1
threw,1
ocean,1
wept,1
filled,1
tears,1
flooded,1
shore,1
begged,1
weeping,1
walked,1
studied,2
truths,1
obscenity,1
treacherous,1
deceitful,1
cowardly,1
thousands,1
massacred,1
upset,1
angry,2
lying,2
kala,2
qavak,1
hones,1
skill,1
aim,1
throw,1
compound,3
condemned,1
angered,1
incited,1
execution,1
farewell,1
netherworld,1
dawn,1
lkor,1
wind,3
shifted,1
upwind,1
breeze,1
achievement,1
define,1
grow,1
identity,1
caught,2
denied,1
bael,2
defeat,2
battles,2
eloquent,1
tokath,2
origins,1
camp,10
sake,2
crashed,2
nacelle,3
appreciable,1
mercenaries,3
yadalla,1
draken,1
finally,1
hyralan,1
opinions,1
differed,1
jeopardized,1
friendship,1
overlook,1
toronclass,1
interrogate,1
koral,1
gives,1
inspections,1
download,1
generating,1
abnormal,1
signatures,1
novel,1
attained,1
stature,1
lian,1
tsu,1
logan,1
correlate,1
bolts,1
compute,1
optimum,1
laid,1
missed,1
reserve,1
separation,1
readiness,1
nearing,2
number,2
faulty,1
careful,1
commits,1
crime,1
dies,1
wed,1
console,1
singh,3
repaired,1
helm,1
youll,1
zerosevenzero,1
emanate,1
radioactive,1
batris,1
strategy,1
guests,1
mock,1
anger,1
kindness,1
buried,3
rubble,1
gault,2
inclusion,1
foster,1
hated,1
stayed,1
rule,1
dreams,1
bulk,1
exceptional,1
hostages,1
address,1
komgi,1
bimogus,1
english,1
plead,1
punished,1
fires,1
soul,1
longs,1
halee,1
tied,1
dilithium,1
crystal,1
comply,1
weaknesses,1
overcome,2
talked,1
conquest,1
legends,1
write,1
polite,1
zegov,1
mendon,3
replacement,1
retirement,1
assassinate,1
successfully,1
omnidirectional,1
precaution,1
efficiency,1
language,1
pagh,1
automatic,1
skin,2
dorsal,1
fin,1
instruct,1
etiquette,1
ninethreefive,1
sixonethree,1
designate,1
visited,1
ruins,1
nafir,1
eventually,2
impregnated,1
sister,1
latinum,1
offset,1
chekote,1
twotwentyseven,1
transported,1
nearby,2
levelone,1
sites,1
looted,1
controlling,2
mercenary,1
rikers,1
codes,1
ayeaye,1
bashir,1
shop,1
twentyfive,1
spreading,1
lopez,1
assignments,1
listed,1
inaccurate,1
promenade,1
approached,1
yridian,3
sell,1
claimed,1
fights,1
selling,1
partake,1
majqa,2
spent,1
lava,1
revelation,1
checked,1
capable,1
pay,2
foliage,1
dense,1
withhold,1
profit,1
letting,1
scar,1
procrastinate,1
situations,1
wear,1
ridiculous,1
dresses,1
byleth,1
temperamental,1
ohfive,1
encompass,1
storage,2
facility,1
houses,1
exact,1
rate,2
bare,1
neck,1
reassignment,1
iyaarans,1
irritating,1
arrogant,1
reasoned,1
insane,1
pile,1
cheating,1
insulting,1
pompous,1
disembowel,1
excruciating,1
centurion,1
deceived,1
containment,3
fluctuate,1
crawlway,1
leland,1
t,1
lynch,1
ben,1
prieto,3
pronounced,1
preeettoe,1
routine,1
deep,1
obstacles,1
martial,1
arts,1
assumption,2
competitor,1
favored,1
deeper,1
probing,1
lot,2
goal,1
accomplish,1
approaches,1
increases,1
chart,1
reaches,1
twoohfive,1
automatically,2
parallel,1
meets,1
lures,1
roar,2
hurl,1
claw,1
ducks,1
protector,1
anya,1
transforms,1
restricted,1
remainder,1
voyage,1
beamdown,1
encoded,1
carrier,1
iconian,1
williams,1
yamatos,1
seals,1
decaying,2
understandable,1
deficiency,1
cities,1
consistent,1
largescale,1
bombardment,1
mountains,1
continent,2
projectile,1
resident,1
scenes,1
images,1
illusion,1
gate,1
confines,1
iconians,2
conquerors,1
deciphering,1
cycle,1
record,1
discovered,1
xray,1
intercepted,1
freighters,2
deteriorate,1
disintegration,1
disintegrating,1
wide,1
dispersal,1
terminate,1
comets,1
aqueduct,1
configure,1
insidious,1
disarmed,1
suggests,1
antlers,1
horns,1
masakas,1
sun,2
masaka,1
korgano,1
compressed,1
teryon,1
grade,1
assistant,1
astrophysics,1
holt,1
raman,1
descending,1
musicians,1
bersallis,1
populated,1
assistants,1
kids,1
obviously,1
safest,1
fetus,1
aborted,1
panelcomputer,1
2,2
lantree,1
twentyyear,1
codename,1
firestorm,1
ad,1
threethreetwofournine,1
autodestruct,1
infected,1
styrolites,1
decontamination,1
isolation,1
solari,1
quality,1
poor,1
ceased,1
technique,1
useful,1
destination,2
vehicle,2
kazis,1
binary,1
heres,1
journey,1
intelligent,1
galaxy,1
untouched,1
greatly,1
overmatched,1
hostilities,1
stations,1
allies,1
unworthy,1
consideration,1
baryon,1
administrator,1
orton,1
hutchinsons,1
reception,1
locker,1
saddle,1
waiters,1
fused,1
replaced,1
double,1
professor,1
galens,1
onscreen,1
yridians,1
blocks,1
consuming,1
global,1
rahmizad,1
ohniaka,1
orbiting,1
wounds,1
caused,1
forcedplasma,1
seventyfour,1
fallen,1
comrade,1
berlin,1
dampers,1
disabled,1
overrides,2
fluctuation,1
sixtyseven,1
limiting,1
recording,1
ninezero,1
hole,1
threeninefivesix,1
zeronineone,1
minimum,1
inconsistent,1
routes,1
pretense,1
permitted,1
add,1
supervise,1
overtaking,1
blow,1
scratch,1
swat,1
mosquitoes,1
thadiun,1
okona,1
crafts,1
pegos,1
failsafe,1
monster,1
swimming,1
bathing,1
frigates,1
tryla,1
scott,1
thomas,1
paine,1
rixx,1
attempts,1
ignored,1
flotsam,1
judging,1
amount,1
wreckage,1
horatio,1
shes,2
initial,1
gravesworld,1
unfocused,1
directed,1
graves,2
mary,1
rogers,1
ferry,1
settlers,1
colonies,1
suggestion,1
dr,1
earliest,1
slingshot,1
stricken,1
liner,1
thus,1
insulted,1
ohhh,1
unhealthy,1
relva,1
7,1
disturbed,1
testing,1
frighten,1
psych,1
wastes,1
creates,1
analyzing,1
psychological,1
profile,1
depend,1
accident,2
required,1
decay,1
lore,1
insists,1
geography,1
ducts,1
detention,1
wounded,1
research,1
occupied,1
southwest,1
apparel,1
common,1
merchant,2
tilonian,1
pendant,1
circuit,1
posing,1
nisroh,1
traditional,1
bartering,1
prowess,1
intend,1
enhancer,1
